"rep","n","method","R2","RMSE"
1,10,"ridge",-415.777191767727,4.32355340187727
1,20,"ridge",-2.36500761523846,4.18303726506355
1,50,"ridge",-0.244501797043442,3.54830759418502
1,100,"ridge",-0.109333792438,4.44219412357609
1,250,"ridge",0.134816584234595,3.50645496152789
1,500,"ridge",0.370142284310659,3.66254294706376
1,1000,"ridge",0.374554806140914,3.25855782820418
2,10,"ridge",-7.91856245185351,1.39853187183125
2,20,"ridge",0.0474537546690508,6.08582428437153
2,50,"ridge",-0.033853031718905,2.53767829622604
2,100,"ridge",0.0409111839322043,3.59546563067066
2,250,"ridge",0.161170239194478,3.45358965260357
2,500,"ridge",0.209734492741353,3.28161828799495
2,1000,"ridge",0.327046873578182,3.39031230162795
3,10,"ridge",-40.853342388143,2.0879145325816
3,20,"ridge",-1.03413809513846,4.653936053669
3,50,"ridge",-0.188296933858869,3.14928888788687
3,100,"ridge",-0.0140549435649582,4.56786593651635
3,250,"ridge",0.221281328140058,4.54408365486549
3,500,"ridge",0.299980274822171,3.48320552106504
3,1000,"ridge",0.378446443762212,3.64298720905077
4,10,"ridge",-7.933309797849,5.30032496971042
4,20,"ridge",-1.72695212379134,4.37648878306473
4,50,"ridge",-0.316840176081696,3.27336502975013
4,100,"ridge",-0.040888153256009,3.32819553220757
4,250,"ridge",0.131626472259577,4.30571966526266
4,500,"ridge",0.394571797315697,3.54442919955997
4,1000,"ridge",0.326679399967401,3.31679918981453
5,10,"ridge",-1.88804101287298,5.64470432429672
5,20,"ridge",-1.66211182044734,2.98936026916515
5,50,"ridge",-0.882059008645008,6.27174556534378
5,100,"ridge",0.0348560693212463,3.67227776245956
5,250,"ridge",0.108193554455043,4.0279916532967
5,500,"ridge",0.390291307963081,3.5288007867775
5,1000,"ridge",0.395778018454352,3.30197980755163
6,10,"ridge",-0.604690776346145,2.94894685499292
6,20,"ridge",-1.24562804873183,2.55587997414332
6,50,"ridge",-0.183477768745177,3.08873704542556
6,100,"ridge",0.0158850062992528,3.81738403158745
6,250,"ridge",0.409074872905486,3.77497443613317
6,500,"ridge",0.304588955618672,3.67551650014735
6,1000,"ridge",0.449702473461174,3.35489982552541
7,10,"ridge",-1.43694231161445,6.705784478664
7,20,"ridge",-2.02147606623166,2.69951176097085
7,50,"ridge",-0.157244295726203,3.76548148381768
7,100,"ridge",0.225250102208683,4.09351797020662
7,250,"ridge",0.0892810584795484,3.7943188289287
7,500,"ridge",0.23185092981937,3.82955586363789
7,1000,"ridge",0.450965685611041,3.19368047983612
8,10,"ridge",-5.66661987688382,4.79815107057165
8,20,"ridge",-0.432427937098669,6.03173757831316
8,50,"ridge",-0.402930519994624,4.55543493172183
8,100,"ridge",0.128239432825583,3.76809116352496
8,250,"ridge",0.145226050953907,4.0855119575177
8,500,"ridge",0.249681317133705,3.60027244711921
8,1000,"ridge",0.3538074407729,3.47120625572157
9,10,"ridge",-2.35301221071601,10.2613356917411
9,20,"ridge",-0.209404896397855,8.34692756608685
9,50,"ridge",-0.351080946525326,5.268227414663
9,100,"ridge",0.0544484996183198,5.51496480109914
9,250,"ridge",0.279122410083184,3.89913690586155
9,500,"ridge",0.304421631820019,3.5850118872267
9,1000,"ridge",0.38021480345085,3.38427149942203
10,10,"ridge",-3.20292448858898,2.47206338139314
10,20,"ridge",-0.0383864823554367,6.56563999244419
10,50,"ridge",-0.0496844299506736,4.58710119957762
10,100,"ridge",-0.0282728016518585,3.80298053079741
10,250,"ridge",0.0318272128007923,4.62918651812601
10,500,"ridge",0.395330946077517,3.70759491385184
10,1000,"ridge",0.340417492792156,3.23983617729814
11,10,"ridge",-0.389572974577203,3.02048392030762
11,20,"ridge",-0.146769464381626,2.87194336113273
11,50,"ridge",0.01419022300712,5.17667687291238
11,100,"ridge",0.339203810539553,3.79536291485221
11,250,"ridge",0.120480766816595,3.80087445036802
11,500,"ridge",0.273667155224597,3.63894955384058
11,1000,"ridge",0.344058683564445,3.79153813243427
12,10,"ridge",-2.19025679871293,2.94042172767026
12,20,"ridge",-0.973043653069413,2.13418324927132
12,50,"ridge",0.0746371432204087,3.48616064170605
12,100,"ridge",0.074854626284548,4.58567294862982
12,250,"ridge",0.399528046184761,3.44059883272225
12,500,"ridge",0.322710729027831,3.76920651402608
12,1000,"ridge",0.412018205959791,3.32583116069004
13,10,"ridge",-0.171377937681783,4.20175907858726
13,20,"ridge",-0.00541819454692249,2.89226312882302
13,50,"ridge",0.0973001778762674,3.00987739460291
13,100,"ridge",0.160502827102912,3.91569632266106
13,250,"ridge",0.223435041866301,4.11457804801687
13,500,"ridge",0.360399791583495,4.10399886323522
13,1000,"ridge",0.449381006323476,3.61187717698952
14,10,"ridge",-22.5019598360326,5.09407281128139
14,20,"ridge",-0.586315017656865,3.36907235249068
14,50,"ridge",-0.0159444566650164,5.28886848898368
14,100,"ridge",-0.0779543138434347,4.34517214636988
14,250,"ridge",0.230527951795698,3.9277027087952
14,500,"ridge",0.238891863327566,3.82083761347665
14,1000,"ridge",0.405574076356241,3.15975180862311
15,10,"ridge",-27.2983655586822,4.73242546818827
15,20,"ridge",0.279123692874671,1.17583582504832
15,50,"ridge",-0.014347539929032,4.54694820167248
15,100,"ridge",-0.0794845360797067,4.86831780302486
15,250,"ridge",0.0611425465884659,3.97169364804008
15,500,"ridge",0.303016375727018,3.62764191961724
15,1000,"ridge",0.405892775992914,3.47566313919801
16,10,"ridge",-0.0584850778351838,3.99565422010524
16,20,"ridge",0.0467927247457044,4.21049478100164
16,50,"ridge",0.124784627345728,2.71026967337114
16,100,"ridge",0.165053897712234,4.00507112596896
16,250,"ridge",0.208592508344968,3.75608255845225
16,500,"ridge",0.362188536196029,3.30730372821065
16,1000,"ridge",0.393122717539197,3.25914840231999
17,10,"ridge",-22.1694460686161,1.63953882993269
17,20,"ridge",-1.62086998785291,5.99943474689623
17,50,"ridge",-0.276624075446464,5.22833608452714
17,100,"ridge",0.105257539996421,4.25257495018284
17,250,"ridge",0.226972884277275,3.76900212694798
17,500,"ridge",0.317918819950793,3.86783899322096
17,1000,"ridge",0.365916043476403,3.80698496258114
18,10,"ridge",-1.08715533183705,3.04271524181527
18,20,"ridge",0.322978784506173,3.21265406569304
18,50,"ridge",-0.999472351502721,5.01350696759746
18,100,"ridge",0.131487675340189,3.61061874698059
18,250,"ridge",0.269005170944314,4.06336369682366
18,500,"ridge",0.230520765572785,3.60652759976936
18,1000,"ridge",0.423943168410549,3.32401465147975
19,10,"ridge",-5.09157967136214,9.00704525182985
19,20,"ridge",-0.113632102467038,6.44846699885388
19,50,"ridge",-0.0505115791847459,4.66898204965481
19,100,"ridge",-0.134206178800581,4.78207257153089
19,250,"ridge",0.0495743291725775,4.52286599561333
19,500,"ridge",0.271261052986426,3.72111983240419
19,1000,"ridge",0.321644048080758,3.30301820439792
20,10,"ridge",-16.0966188804276,6.85733042585101
20,20,"ridge",-0.127791989333671,2.97928689544252
20,50,"ridge",-0.0240973650157674,3.21800837141506
20,100,"ridge",0.108721084323002,4.09194684656863
20,250,"ridge",0.107452696447582,4.25399564681374
20,500,"ridge",0.263966651056141,3.39140549034817
20,1000,"ridge",0.318790848199939,3.49476832134533
21,10,"ridge",-1.35555499919495,2.25927285900667
21,20,"ridge",-4.82086583546171,3.54071020625972
21,50,"ridge",-0.366142543876872,4.20118010093652
21,100,"ridge",-0.014633465994452,3.94276217461128
21,250,"ridge",0.299501037929583,3.86647426311897
21,500,"ridge",0.364872840274634,3.76870585987002
21,1000,"ridge",0.37859303631337,3.54758766874261
22,10,"ridge",-0.116704012391693,2.16083900935195
22,20,"ridge",0.0854048108728013,4.5937489381966
22,50,"ridge",-0.125985491064085,4.43465283462103
22,100,"ridge",0.0968727351925411,3.59824584277804
22,250,"ridge",0.0868492269965533,4.50574184519706
22,500,"ridge",0.402337955080549,3.31759399346186
22,1000,"ridge",0.397584584638797,3.40778059072386
23,10,"ridge",-0.553582335882265,0.767737775244356
23,20,"ridge",-0.247692651841498,4.41401716756873
23,50,"ridge",-0.72505159587901,4.888544922023
23,100,"ridge",0.0716774614345608,2.96543098666395
23,250,"ridge",0.195296980917197,3.5039728686355
23,500,"ridge",0.320180933779846,3.45685026588043
23,1000,"ridge",0.437808983187517,3.24989432142065
24,10,"ridge",-4402.35916263221,4.33804281754035
24,20,"ridge",-0.725862422186094,6.43139332398285
24,50,"ridge",-0.628752026347347,3.3858715807366
24,100,"ridge",-0.0160006365798726,3.91298608207903
24,250,"ridge",0.0637572474998974,3.6871008128779
24,500,"ridge",0.234992043692475,3.89881977078073
24,1000,"ridge",0.384129992477808,3.38094936755714
25,10,"ridge",-0.229876546757046,6.88826073956956
25,20,"ridge",0.081043646513049,5.62019636786438
25,50,"ridge",-0.054953269817904,5.30860332351843
25,100,"ridge",0.156754971028393,4.18954928680625
25,250,"ridge",0.22772724719574,3.93495740840959
25,500,"ridge",0.22142915989741,3.64131717670579
25,1000,"ridge",0.35470549696732,3.58643265145419
26,10,"ridge",-6.53054716006693,7.69975314942219
26,20,"ridge",-0.020332715492507,4.83877854587103
26,50,"ridge",-0.0679781343298242,4.12816991668566
26,100,"ridge",0.203337074859476,6.03740409298131
26,250,"ridge",0.196612043293346,3.79483033373911
26,500,"ridge",0.323789702944892,4.00609623846144
26,1000,"ridge",0.401127274487241,3.37449127552145
27,10,"ridge",-0.369287442245397,6.12417181515886
27,20,"ridge",-0.910980236664166,3.00677608300889
27,50,"ridge",0.00702312325592269,5.17390813982237
27,100,"ridge",-0.00474034927700662,4.91699329709643
27,250,"ridge",0.0405443635307282,4.05816115414795
27,500,"ridge",0.282237647679191,3.83970145336415
27,1000,"ridge",0.367573871448166,3.46492190108789
28,10,"ridge",-1.38917810350295,5.24871191024333
28,20,"ridge",-3.00527395082822,4.79757124008908
28,50,"ridge",0.00824159187439377,5.48109424291104
28,100,"ridge",0.184811234798045,3.74236980123192
28,250,"ridge",0.242430475419086,3.54349927021261
28,500,"ridge",0.229334469909932,3.64446219478862
28,1000,"ridge",0.331706669853178,3.32685257124074
29,10,"ridge",0.28664574392107,2.55224531861706
29,20,"ridge",-0.417648410709669,2.66925128673624
29,50,"ridge",-0.039564442798814,5.54721743644504
29,100,"ridge",0.114364849671117,4.35125080649489
29,250,"ridge",0.24794801327109,4.0809894773123
29,500,"ridge",0.346041328750833,3.62953949765638
29,1000,"ridge",0.419872518449737,3.4579788589043
30,10,"ridge",-5.36557525850933,9.40766847492021
30,20,"ridge",-2.94251630029603,3.83778229893727
30,50,"ridge",-0.322761948758249,5.11923227283796
30,100,"ridge",-0.00681106822139776,4.01962383906248
30,250,"ridge",0.212135553924751,3.7938869298032
30,500,"ridge",0.304289488926274,3.44107472829596
30,1000,"ridge",0.426295328432424,3.25716475732682
31,10,"ridge",-0.950313141249646,1.92755352387147
31,20,"ridge",-0.0136947199397024,6.97336100281415
31,50,"ridge",0.21785615902369,3.64512519090294
31,100,"ridge",0.0726283141404406,5.05804997627972
31,250,"ridge",0.271112096234317,3.30238790882727
31,500,"ridge",0.345835591590756,3.39865137308171
31,1000,"ridge",0.425938323949857,3.42012239054533
32,10,"ridge",-15.2004994998315,8.99485635757735
32,20,"ridge",-2.83430457837339,7.33370877450684
32,50,"ridge",0.125116075273848,4.52842874842345
32,100,"ridge",0.0490927346459792,4.85367468088235
32,250,"ridge",0.237411007646937,4.05039766406849
32,500,"ridge",0.28429472973062,3.78487675507228
32,1000,"ridge",0.411281909329262,3.24652553602348
33,10,"ridge",-1.40629137974006,2.16758924408774
33,20,"ridge",-1.88223018417295,3.71592086927332
33,50,"ridge",0.00247126276044873,3.36500031030942
33,100,"ridge",0.0274477980156188,3.74995511802476
33,250,"ridge",0.0276972347189246,4.48168843015129
33,500,"ridge",0.361346791874102,3.32777097863923
33,1000,"ridge",0.367906473654369,3.43196459061299
34,10,"ridge",-201.125463425031,2.56297331937955
34,20,"ridge",-0.102319852239275,3.18182314143463
34,50,"ridge",-0.330719009325686,5.33268505235937
34,100,"ridge",-0.107714853550526,4.49672260791124
34,250,"ridge",0.348757858636873,3.79699378961197
34,500,"ridge",0.294039682290525,3.32223686148893
34,1000,"ridge",0.401319814074899,3.04042188640306
35,10,"ridge",-33856.2709584128,5.98475040208366
35,20,"ridge",-0.875564502862784,3.10079968696506
35,50,"ridge",-0.0326059834055281,2.57488648106858
35,100,"ridge",0.317337852680021,4.03876352042488
35,250,"ridge",0.397810843154441,3.01941793106919
35,500,"ridge",0.284565912316482,3.68688877599986
35,1000,"ridge",0.383766345308231,3.71326608946197
36,10,"ridge",-0.130514611193509,1.83894670088638
36,20,"ridge",-0.483538229779404,2.19856889572317
36,50,"ridge",-0.355760144884783,2.67066620308306
36,100,"ridge",-0.0704115772123313,3.87657529355689
36,250,"ridge",0.397963901082103,3.56261063863416
36,500,"ridge",0.316852667642001,3.5011165150754
36,1000,"ridge",0.449582816168944,3.33266606232632
37,10,"ridge",-2409.14612191964,1.15842547597927
37,20,"ridge",0.00883625761459184,4.75435443802951
37,50,"ridge",0.0315798746823546,5.1439998104529
37,100,"ridge",0.134198365097599,4.11370837790414
37,250,"ridge",0.328415072578782,3.38967274371228
37,500,"ridge",0.34295904416623,3.53016521712788
37,1000,"ridge",0.387797586185315,3.37650716550849
38,10,"ridge",-9.4001124315614,1.6257321955609
38,20,"ridge",-0.0191684080902073,3.6052514124203
38,50,"ridge",-9.99940055002035e-06,5.76283084824796
38,100,"ridge",-0.155712967135256,4.19286836588219
38,250,"ridge",0.088682955456622,4.09472068185502
38,500,"ridge",0.360405270984107,3.48154484562344
38,1000,"ridge",0.335695947087217,3.54943940079015
39,10,"ridge",-35.0938398629917,7.95162625971975
39,20,"ridge",-3.45313497860599,4.68192152238963
39,50,"ridge",-0.0121605965834697,4.23140159402876
39,100,"ridge",-0.107918481878075,4.40664124607633
39,250,"ridge",0.134357874532614,4.01973936943484
39,500,"ridge",0.287052434779579,4.06971460046371
39,1000,"ridge",0.365135517351612,3.74784681215146
40,10,"ridge",-0.239169294307588,3.89708030077122
40,20,"ridge",-0.0450960265637241,3.96459056765575
40,50,"ridge",0.0338356403266841,6.76672521972783
40,100,"ridge",0.29879200545224,4.59031855447865
40,250,"ridge",0.318077155649975,4.21089156983263
40,500,"ridge",0.279624650690671,3.86855435261019
40,1000,"ridge",0.399535981486249,3.59497023130485
41,10,"ridge",-956.522516597028,4.59786187608946
41,20,"ridge",-7.66288439042287,3.17031341132912
41,50,"ridge",-0.0138297963081668,3.27850787543235
41,100,"ridge",-0.297523782032669,4.61551838268056
41,250,"ridge",0.155791775627155,4.62561625629384
41,500,"ridge",0.276207212293862,3.61558253282931
41,1000,"ridge",0.425265336390898,3.16976742032905
42,10,"ridge",-98.887679003679,2.63897955286136
42,20,"ridge",-0.114655471739418,4.61490847871222
42,50,"ridge",-0.633744291217689,4.77987448154604
42,100,"ridge",0.23172395906436,4.10867624575809
42,250,"ridge",0.083788523635223,3.90758103889862
42,500,"ridge",0.325582363012748,3.68147777968082
42,1000,"ridge",0.355847280695122,3.56254485088163
43,10,"ridge",0.0212688625096816,2.45916528514917
43,20,"ridge",-0.936962239702986,4.44733220946206
43,50,"ridge",-0.0351263207431898,3.34458317914225
43,100,"ridge",-0.00543149377583174,3.72520738197811
43,250,"ridge",0.320986941000371,3.16942664037112
43,500,"ridge",0.325576975536623,3.35654810994475
43,1000,"ridge",0.334874530657477,3.12367132787735
44,10,"ridge",-3.72795826978772,4.8057772064798
44,20,"ridge",-0.12104267511328,4.64898640990489
44,50,"ridge",-0.114977217774314,4.67760445811252
44,100,"ridge",0.0846860267134647,3.94602789632124
44,250,"ridge",0.190983550916101,3.71901475905259
44,500,"ridge",0.235876072900776,3.80656382576345
44,1000,"ridge",0.455548107731652,3.41844317034425
45,10,"ridge",-13.2083582357918,8.8682862631428
45,20,"ridge",-0.767239232223778,4.62659000756498
45,50,"ridge",-0.0832874773291625,4.19974910284296
45,100,"ridge",-0.324329037633318,4.15608074870881
45,250,"ridge",0.120568865470656,3.30298787858873
45,500,"ridge",0.215261544937327,3.80203843230855
45,1000,"ridge",0.399091745201022,3.2103457160072
46,10,"ridge",-6.73162374990203,3.47041207994153
46,20,"ridge",-1.15287227326561,4.48683946530353
46,50,"ridge",-0.122442613678326,4.41617379968969
46,100,"ridge",-0.119675876857826,3.9577476129611
46,250,"ridge",0.116759389175067,3.78334453760271
46,500,"ridge",0.189526553142584,3.32934875488331
46,1000,"ridge",0.404341381102714,3.38726100908497
47,10,"ridge",-1.52544625211324,4.47511452493331
47,20,"ridge",-1.15963887604555,1.70222025904561
47,50,"ridge",-0.397529600281652,4.94707092069005
47,100,"ridge",0.0769035157199988,3.02515599623553
47,250,"ridge",0.230820295913097,4.33482491204367
47,500,"ridge",0.395001691429036,3.48952036881098
47,1000,"ridge",0.374736468409451,3.48548885193007
48,10,"ridge",-2.29058588068514,3.88975238451709
48,20,"ridge",-0.165792445082337,3.21233472235834
48,50,"ridge",-0.308832138960442,5.18065171551477
48,100,"ridge",0.188771850980312,3.47194448333349
48,250,"ridge",0.336221400322155,3.59515352786902
48,500,"ridge",0.282051611913186,3.29179984602974
48,1000,"ridge",0.37802663086756,3.28284671620453
49,10,"ridge",-0.271962216223748,3.34950283914067
49,20,"ridge",-0.115852343546585,6.47643299939964
49,50,"ridge",0.420145483789551,2.18580241785746
49,100,"ridge",0.137376598210313,2.9278882649219
49,250,"ridge",0.266465672250793,3.70118433012694
49,500,"ridge",0.39059736208277,3.67643674712822
49,1000,"ridge",0.355485382527521,3.21632659225421
50,10,"ridge",-6.99943840367281,9.13636420922793
50,20,"ridge",-0.0611494962903074,5.93424253532311
50,50,"ridge",-1.87571760476035,4.41804551575776
50,100,"ridge",0.126840261696071,5.37529995495756
50,250,"ridge",0.254758955079382,3.91869867538116
50,500,"ridge",0.439356692004591,3.19742217565742
50,1000,"ridge",0.373656266134432,3.31035310119232
51,10,"ridge",0.14835025198649,1.96109567345902
51,20,"ridge",-0.0769698138296169,3.69324252203668
51,50,"ridge",-0.0639228083838432,4.12314111088549
51,100,"ridge",-0.00371777272265761,4.3587089852572
51,250,"ridge",0.0884494915508452,4.10564145258872
51,500,"ridge",0.303983385603793,3.77340313652305
51,1000,"ridge",0.38620159707542,3.39774814019715
52,10,"ridge",-2.08921634601486,8.64729318506015
52,20,"ridge",-3.04422688910574,4.49619492052122
52,50,"ridge",-8.80573479766777e-05,5.31885424852838
52,100,"ridge",0.205640240749874,3.9120406972942
52,250,"ridge",0.329801964152428,4.32809498745071
52,500,"ridge",0.428635041636762,3.56347248155228
52,1000,"ridge",0.403447938842327,3.29062371967942
53,10,"ridge",-4.04420266540648,3.47183498756141
53,20,"ridge",-0.140935715902105,3.07858102944172
53,50,"ridge",0.0558150336155798,7.02675972060345
53,100,"ridge",0.146509163969324,4.19974351442354
53,250,"ridge",0.155269059472109,4.53241312425551
53,500,"ridge",0.210311267176759,3.7540954967576
53,1000,"ridge",0.404129766926542,3.40024107542784
54,10,"ridge",-9.5542866006987,6.76794398979669
54,20,"ridge",-0.432281458190255,3.91330630671162
54,50,"ridge",-0.0470212949457021,5.27620504373778
54,100,"ridge",-0.0220557141199713,5.04781735591868
54,250,"ridge",0.311010987489468,3.6450269741015
54,500,"ridge",0.254059499721872,3.33944903317051
54,1000,"ridge",0.352634370832488,3.51993660533153
55,10,"ridge",-0.127538940560391,5.90981896652048
55,20,"ridge",-0.342806229300502,5.92993298925082
55,50,"ridge",-0.297978019218518,4.97087455127757
55,100,"ridge",0.105082539093844,3.75303908463375
55,250,"ridge",0.286993732500645,3.56304435502246
55,500,"ridge",0.343897527433203,3.81053573591142
55,1000,"ridge",0.404268356198782,3.42363228070829
56,10,"ridge",-3.08166310682598,2.09812469432967
56,20,"ridge",-0.176597354042606,4.18480888231976
56,50,"ridge",-0.110202083767397,2.94031391972475
56,100,"ridge",0.0189560080504521,5.23145866208603
56,250,"ridge",0.0568146066283512,3.79368719716392
56,500,"ridge",0.307214871819837,3.63403404985603
56,1000,"ridge",0.39859295544426,3.39266580330107
57,10,"ridge",-0.999304297784621,3.805528445278
57,20,"ridge",-0.00612210851036887,4.89474337344215
57,50,"ridge",-0.159340358769602,4.77697644370676
57,100,"ridge",0.0615083114807536,4.02654831571718
57,250,"ridge",0.304474712000577,3.3905824576915
57,500,"ridge",0.198506841163616,3.75957130732284
57,1000,"ridge",0.322781461764854,3.32276877628147
58,10,"ridge",-0.176448746903688,5.56045181445205
58,20,"ridge",-0.0495131913654168,5.42710133551406
58,50,"ridge",-0.132930034644763,2.05978287288197
58,100,"ridge",0.190133770430664,4.06761917462015
58,250,"ridge",0.0593955275014333,3.64816433268593
58,500,"ridge",0.350923436089316,3.66000906874139
58,1000,"ridge",0.363803300255178,3.76101846295841
59,10,"ridge",-0.0594700569305433,8.20240643500249
59,20,"ridge",-0.308637199295539,4.82436073396278
59,50,"ridge",-0.229832416287238,4.85214388081796
59,100,"ridge",0.145239017196042,4.29086927070029
59,250,"ridge",0.173582087409925,4.0000295439426
59,500,"ridge",0.349779153668693,3.57889420574607
59,1000,"ridge",0.316199618989319,3.46615446042365
60,10,"ridge",-0.963655466292269,2.15827489538279
60,20,"ridge",-0.443559826724467,4.20810257410742
60,50,"ridge",0.120806114161539,5.12472913006149
60,100,"ridge",0.132205170189591,3.64189153590952
60,250,"ridge",0.246904535584723,4.4165070904972
60,500,"ridge",0.262719946549475,3.51356198905378
60,1000,"ridge",0.432961095759033,3.41568110382883
61,10,"ridge",-2.83085147819358,1.97936378952191
61,20,"ridge",-1.19138472627813,2.09863913627018
61,50,"ridge",0.219081836343941,4.58553006232753
61,100,"ridge",0.0470815782849154,4.90907081275916
61,250,"ridge",0.108899498944676,4.44940262687745
61,500,"ridge",0.401151861095735,3.41211303202533
61,1000,"ridge",0.423199540628371,3.59069592459818
62,10,"ridge",-0.732140825651336,4.6369990210061
62,20,"ridge",-0.173544753876196,3.54034599713178
62,50,"ridge",0.00321944506387928,3.72080919572144
62,100,"ridge",-0.0617940551988962,4.63565469674612
62,250,"ridge",-0.032169520684374,3.6468123645404
62,500,"ridge",0.207591920298849,3.6637608474599
62,1000,"ridge",0.327267090609723,3.66792097175594
63,10,"ridge",-0.236499402556911,1.46211729924484
63,20,"ridge",-0.474709566710171,3.76792075747916
63,50,"ridge",-0.254332025587311,4.02422237968677
63,100,"ridge",0.0136856949912999,3.17771202958396
63,250,"ridge",0.221976290746733,4.03721330272759
63,500,"ridge",0.313511263016874,3.5623484922564
63,1000,"ridge",0.373814371367647,3.29954623739171
64,10,"ridge",-3.25131162105188,3.71061740329292
64,20,"ridge",-0.561315847091909,5.73875834534638
64,50,"ridge",-0.406736798732932,5.1943364549128
64,100,"ridge",0.247513125604904,4.02495541396183
64,250,"ridge",0.245856706098942,3.87117158256299
64,500,"ridge",0.38856061170896,3.91267105036617
64,1000,"ridge",0.379072256659112,3.40540390756115
65,10,"ridge",-1.1134529731218,3.13569646328334
65,20,"ridge",0.129985354180362,1.6677749195942
65,50,"ridge",0.140541569486619,3.68532455931367
65,100,"ridge",0.253080197166483,3.82014536022127
65,250,"ridge",0.262826169697859,3.17546271423431
65,500,"ridge",0.245248037773244,3.88842943185891
65,1000,"ridge",0.416077738578661,3.26500846630109
66,10,"ridge",-0.788768488234069,4.35677183924037
66,20,"ridge",-0.352137625035577,3.32974857141407
66,50,"ridge",0.00462234630619762,5.39294851357706
66,100,"ridge",0.293487807848808,3.36165074520061
66,250,"ridge",0.415236742967144,3.76536434673508
66,500,"ridge",0.400964382578934,3.66877874988512
66,1000,"ridge",0.458676945030319,3.23342097998984
67,10,"ridge",-1.6770705638518,2.14383742835707
67,20,"ridge",0.0170561416823535,4.37592036896285
67,50,"ridge",0.228340029804352,4.10274889147702
67,100,"ridge",-0.0224859698523807,4.32016115394936
67,250,"ridge",0.207262370317065,3.65817169569096
67,500,"ridge",0.260189985072003,3.47207058582142
67,1000,"ridge",0.394654183038647,3.27020520079577
68,10,"ridge",-29.434647300097,4.92151613087226
68,20,"ridge",-0.0288057347077553,3.90381749863527
68,50,"ridge",-0.0727544605948425,3.71953735040451
68,100,"ridge",0.188972843425862,3.48892996606413
68,250,"ridge",0.0617887487949006,4.48285336894382
68,500,"ridge",0.323420895304003,3.57851062881975
68,1000,"ridge",0.368322346296238,3.38274988788935
69,10,"ridge",-3.92235736444775,7.03720438765036
69,20,"ridge",-1.01407927467832,4.50315395070716
69,50,"ridge",-0.0791920698678319,2.88550173788715
69,100,"ridge",0.209508213871548,4.10297277467175
69,250,"ridge",0.185267967193984,3.89097659548119
69,500,"ridge",0.272584718343534,3.43221567279251
69,1000,"ridge",0.346353644959869,3.58665945566205
70,10,"ridge",-271.35472858134,4.1838807488416
70,20,"ridge",-0.178075264912168,2.13117278694924
70,50,"ridge",-0.0394646513816173,5.61881321757404
70,100,"ridge",0.0972933272361148,4.74562752619466
70,250,"ridge",0.0834384299791411,4.06467025549117
70,500,"ridge",0.211159911721979,3.67092582211477
70,1000,"ridge",0.340101249950163,3.48869921628592
71,10,"ridge",-7.22943965037487,3.98038535770533
71,20,"ridge",-0.197267234148005,2.83347297861765
71,50,"ridge",-0.0622638336443082,5.49306134986154
71,100,"ridge",-0.213491713711217,4.67356454231372
71,250,"ridge",0.142394220342323,4.26680115786214
71,500,"ridge",0.239363025805522,3.87036918862235
71,1000,"ridge",0.373090114847045,3.64448069353334
72,10,"ridge",0.024852662059367,1.7330116899317
72,20,"ridge",-0.212076684774353,3.37367857285391
72,50,"ridge",0.19281505880554,3.39184249162207
72,100,"ridge",-0.194491759797979,4.49852719443211
72,250,"ridge",0.211736144866443,4.13545960097968
72,500,"ridge",0.302557031419506,3.92877228322849
72,1000,"ridge",0.37765361514121,3.56702956895099
73,10,"ridge",-0.330892062277968,5.16744593847701
73,20,"ridge",-0.934489711997163,4.38375804523851
73,50,"ridge",-0.0783959286301814,4.59697613103751
73,100,"ridge",-0.00322504166261695,3.83419847844756
73,250,"ridge",0.255833300789764,3.91565566340404
73,500,"ridge",0.39953290344686,3.40254997592307
73,1000,"ridge",0.387694826429522,3.41114350912152
74,10,"ridge",0.287331245436724,1.35189927336448
74,20,"ridge",-0.0193704731791189,2.14357194084968
74,50,"ridge",-0.227517808588955,2.6494366140102
74,100,"ridge",-0.0364550569440467,3.88771485696169
74,250,"ridge",0.266303785548027,3.97759720033856
74,500,"ridge",0.431634479331763,3.38807931015801
74,1000,"ridge",0.435176682214501,3.48922985666735
75,10,"ridge",-0.565491847576166,6.22238394198803
75,20,"ridge",-0.0663861862001704,1.88136922418783
75,50,"ridge",-0.0399556449734748,5.65689234240778
75,100,"ridge",-0.228809592724097,3.92612608769166
75,250,"ridge",0.21880663710796,4.78148061027016
75,500,"ridge",0.272948136615515,4.10385137787229
75,1000,"ridge",0.399307171084895,3.68185044480019
76,10,"ridge",-6.9304437048068,1.84658766306263
76,20,"ridge",0.134813553806293,3.7546185218094
76,50,"ridge",0.00151365960794192,6.86768776246011
76,100,"ridge",0.186238062418309,4.08188321286913
76,250,"ridge",0.315867486486795,4.37301934592377
76,500,"ridge",0.288635397106836,3.69127554777468
76,1000,"ridge",0.389496711649408,3.32099003669911
77,10,"ridge",-64.9107623370271,7.78876577949834
77,20,"ridge",-5.85997956762755,3.38051810496929
77,50,"ridge",0.088915243006946,5.53624075734523
77,100,"ridge",0.150596820590093,3.64855144221404
77,250,"ridge",0.134110675738454,4.84100783987959
77,500,"ridge",0.282969363650618,3.99591748158433
77,1000,"ridge",0.390041930017517,3.33242261141929
78,10,"ridge",-2.32652354493701,3.03388942332632
78,20,"ridge",-0.581558770936206,2.180218936825
78,50,"ridge",0.179747913333619,3.12443933552479
78,100,"ridge",0.324384854309339,2.82253682209429
78,250,"ridge",0.136652658692559,3.95191711431724
78,500,"ridge",0.318816660970154,3.42261077898014
78,1000,"ridge",0.412148387605155,3.15156456722799
79,10,"ridge",-124.987810195227,3.5256389807241
79,20,"ridge",0.231756679413454,1.41647176115144
79,50,"ridge",-0.0024010102505323,4.25973951195019
79,100,"ridge",0.127004647487084,4.25720565208043
79,250,"ridge",0.204887459601333,3.59674875584643
79,500,"ridge",0.424624953343907,3.58255186072585
79,1000,"ridge",0.419266851471837,3.21676254556007
80,10,"ridge",-0.167404870861417,4.73269281058116
80,20,"ridge",-3.38409122951125,5.88409770403378
80,50,"ridge",-0.109201699991484,3.59389177098731
80,100,"ridge",-0.0229145355899454,4.19070851287447
80,250,"ridge",0.246887506573195,3.73662553679662
80,500,"ridge",0.349516748119419,3.12294253700789
80,1000,"ridge",0.382966043957173,3.14976503598565
81,10,"ridge",-8.98396050916794e-05,2.88935576545048
81,20,"ridge",-0.0508902904870048,4.01136148465781
81,50,"ridge",-0.204592025336381,5.20374275154356
81,100,"ridge",0.050258166640606,4.02844827169034
81,250,"ridge",0.210942573489167,3.75830881542906
81,500,"ridge",0.321671693012695,3.58674532383278
81,1000,"ridge",0.443349944320166,3.3063424784778
82,10,"ridge",-0.262457371332156,4.08091210669478
82,20,"ridge",-0.0662522164979973,3.51819806751262
82,50,"ridge",-0.508524242192655,2.68714371995617
82,100,"ridge",-0.00160046988334939,4.71393981147853
82,250,"ridge",0.0245404401628095,3.30394215321564
82,500,"ridge",0.279271601977565,3.15178090687403
82,1000,"ridge",0.37334072023803,3.15126674502942
83,10,"ridge",-1906.88302431111,2.24928441686317
83,20,"ridge",0.0138770609126878,2.86700829366435
83,50,"ridge",0.0488322636848251,3.81239568430206
83,100,"ridge",0.112097900853959,3.32810703294341
83,250,"ridge",0.329429445444395,3.63174407761646
83,500,"ridge",0.265043526440074,3.65675066427445
83,1000,"ridge",0.397287485205642,3.62077079051997
84,10,"ridge",-2.24056367507892,3.06864718633548
84,20,"ridge",-0.204441962009863,5.65810419415374
84,50,"ridge",0.19995264913615,4.23035361698546
84,100,"ridge",0.0767360176971205,3.64280895815436
84,250,"ridge",0.0318020332531543,4.23220459701384
84,500,"ridge",0.287169640703099,3.57299863604951
84,1000,"ridge",0.416654131991033,3.3864353575373
85,10,"ridge",-234.766839271544,3.88839282513414
85,20,"ridge",0.090050765175962,2.94826528414716
85,50,"ridge",0.200703280071034,2.34562276220516
85,100,"ridge",0.114191195273322,3.53201974866277
85,250,"ridge",0.125413225921023,2.95774934104733
85,500,"ridge",0.383002817600793,3.24874696589052
85,1000,"ridge",0.363111895040778,3.43961785212458
86,10,"ridge",-3.19849696131041,6.06214490423845
86,20,"ridge",0.214074914389355,5.23181459059201
86,50,"ridge",0.0308820514807167,4.28971653941654
86,100,"ridge",0.2490819733139,4.45040887156936
86,250,"ridge",0.207802911473386,4.5336934611328
86,500,"ridge",0.285501737500428,3.66877360862491
86,1000,"ridge",0.281358732522888,3.60405505817907
87,10,"ridge",0.242334727696951,4.85229843547461
87,20,"ridge",-0.00309172979280614,6.56931813271969
87,50,"ridge",-0.199003465512554,4.00886832851187
87,100,"ridge",-0.0379433473929645,4.83278268578251
87,250,"ridge",0.215329341165951,3.84654569437761
87,500,"ridge",0.337314377657007,4.15536227772605
87,1000,"ridge",0.368486382486837,3.53023951177614
88,10,"ridge",-3.97901239702123,1.17715112517064
88,20,"ridge",-1.26896567785865,6.56443360519781
88,50,"ridge",-1.65258418999085,4.42251171843285
88,100,"ridge",-0.0221975400097736,4.05169385274788
88,250,"ridge",0.283884534587035,3.92999522583629
88,500,"ridge",0.369144247597409,3.19885408644574
88,1000,"ridge",0.373379732291141,3.72814996304299
89,10,"ridge",-2.99867662431925,1.99311255110775
89,20,"ridge",-0.291433503063525,5.50610139836125
89,50,"ridge",0.0479765831097816,5.37767520673366
89,100,"ridge",0.25455992621466,3.3304722785842
89,250,"ridge",0.39203776395326,3.6438997604193
89,500,"ridge",0.296375723540537,3.45225990779821
89,1000,"ridge",0.400222221309355,3.43225729357095
90,10,"ridge",-0.165462658139896,7.80975958975961
90,20,"ridge",-0.168223245927181,5.60276639442376
90,50,"ridge",0.0170969597641358,2.85627308766354
90,100,"ridge",0.0392332878334007,4.40957025047918
90,250,"ridge",0.283681788959384,3.94963498453808
90,500,"ridge",0.336022369357051,3.68178810388634
90,1000,"ridge",0.395276496543267,3.40783742342226
91,10,"ridge",-66.4160930201984,6.013647788092
91,20,"ridge",-0.987187492579234,3.58653433597432
91,50,"ridge",-0.0185452785227043,5.21266748022196
91,100,"ridge",-0.0550969250149944,4.16863551200342
91,250,"ridge",0.198182996836909,3.10726596687005
91,500,"ridge",0.302179618000861,3.57419756875271
91,1000,"ridge",0.402582402473487,3.4849310128401
92,10,"ridge",-0.1669529819813,2.05309982425158
92,20,"ridge",-7.4471675587696,4.84485322260655
92,50,"ridge",-0.0256382842075162,3.85388904099863
92,100,"ridge",-0.113534499287549,3.55815103792938
92,250,"ridge",0.208713101207243,4.3602832389954
92,500,"ridge",0.26789207804102,3.67692145893319
92,1000,"ridge",0.331081626675015,3.1689067088562
93,10,"ridge",-9.53473772854626,5.15337615086513
93,20,"ridge",-0.166842445524824,2.94030547979092
93,50,"ridge",0.12896497581041,3.70948706091649
93,100,"ridge",0.0354474394700214,4.33468235782495
93,250,"ridge",0.272290166746672,4.00765505039403
93,500,"ridge",0.364363936369676,3.91654921312875
93,1000,"ridge",0.403583620708711,3.46874371731037
94,10,"ridge",-58.608493518306,8.52557185844572
94,20,"ridge",-0.0129240876130925,3.71950419458678
94,50,"ridge",-0.192990234785268,5.46175500153018
94,100,"ridge",0.0186938291304287,5.08987998230545
94,250,"ridge",0.11154153237795,3.588280832101
94,500,"ridge",0.239736281375114,3.10372866860497
94,1000,"ridge",0.362921871970076,3.20808980262336
95,10,"ridge",-3.9472318792371,2.25877473050508
95,20,"ridge",-0.138592720085256,1.28611411685446
95,50,"ridge",0.0331855374236236,4.15666204899237
95,100,"ridge",0.219965172172711,3.29503914875779
95,250,"ridge",0.039986656007603,3.73314678890216
95,500,"ridge",0.32530189475929,3.64799617177607
95,1000,"ridge",0.417491599786588,3.60046199996793
96,10,"ridge",-0.683237342247776,3.56535525016027
96,20,"ridge",-0.322108845347186,3.82755649533694
96,50,"ridge",-0.228919202377362,4.13843708448901
96,100,"ridge",-0.0476108613106467,4.55103221046413
96,250,"ridge",0.235442652494024,3.86130312837598
96,500,"ridge",0.394880984221676,3.8765588146791
96,1000,"ridge",0.298944120907221,3.30091400445977
97,10,"ridge",-46.9579731299437,2.94473726921705
97,20,"ridge",-0.898538960517486,4.19221490129128
97,50,"ridge",-0.175686843307856,3.17940100586959
97,100,"ridge",0.0854930781944606,4.74964800917465
97,250,"ridge",0.0426709250779943,4.18514397722168
97,500,"ridge",0.290674169128589,3.48588325837623
97,1000,"ridge",0.400734787104645,3.33477019342762
98,10,"ridge",-0.278996755110807,3.52729155172743
98,20,"ridge",-0.518872253549992,3.83017502574554
98,50,"ridge",-0.337230739903741,4.50527067966398
98,100,"ridge",0.201115101716263,4.59812136971039
98,250,"ridge",0.280092982348098,3.76013678433746
98,500,"ridge",0.213983302919078,3.35177410704417
98,1000,"ridge",0.34859776481556,3.47398778287862
99,10,"ridge",-1.63738170962795,5.61994725110777
99,20,"ridge",-0.271418023927534,3.68864650461096
99,50,"ridge",-0.014981108490699,6.25893681159214
99,100,"ridge",0.271483957073113,3.58461400303791
99,250,"ridge",0.225709544091226,3.93893734218926
99,500,"ridge",0.380871790503294,3.46542400711324
99,1000,"ridge",0.385205474575484,3.35979436338886
100,10,"ridge",-2.11754025770219,5.23639820771145
100,20,"ridge",-0.00385137232619392,2.83734073111005
100,50,"ridge",-0.423827635931834,5.44059968944029
100,100,"ridge",0.0621009886963634,3.58593512586168
100,250,"ridge",0.118447985807909,4.08161716034004
100,500,"ridge",0.23096272750754,3.20857017740847
100,1000,"ridge",0.349818995950081,3.33397344670883
1,10,"lasso",-485.771959274291,4.67252497849694
1,20,"lasso",-0.830385405695823,3.085105216075
1,50,"lasso",-0.161347758749229,3.42771448511388
1,100,"lasso",-0.119430433990763,4.46236372900848
1,250,"lasso",0.138429656520732,3.49912568922523
1,500,"lasso",0.432204701142969,3.4774219829934
1,1000,"lasso",0.525512329876735,2.83820178320255
2,10,"lasso",-3.8850026462304,1.03504049366158
2,20,"lasso",-0.0161923540681852,6.2858546658846
2,50,"lasso",-0.244314984208472,2.78401985359694
2,100,"lasso",0.00711251928523116,3.65826991634852
2,250,"lasso",0.0250251596535892,3.7233213753511
2,500,"lasso",0.217305337527486,3.26586129690241
2,1000,"lasso",0.488623451653891,2.95540974930669
3,10,"lasso",-35.7863178281434,1.9574505673844
3,20,"lasso",-0.616702730717277,4.14901763681351
3,50,"lasso",-0.188296933858869,3.14928888788687
3,100,"lasso",0.110453987225394,4.27825645805732
3,250,"lasso",0.180399180754164,4.66183840992196
3,500,"lasso",0.298715956451093,3.48634964249734
3,1000,"lasso",0.589485631200267,2.96061919141263
4,10,"lasso",-7.40002144414486,5.13968493522869
4,20,"lasso",-2.1839897062168,4.72903894519494
4,50,"lasso",0.0186967799759652,2.82572254276853
4,100,"lasso",-0.27592107566651,3.68484060210224
4,250,"lasso",0.0649066120177726,4.46806987016715
4,500,"lasso",0.419187197943793,3.47162711651574
4,1000,"lasso",0.476699890996472,2.92404222880354
5,10,"lasso",-1.09791072655179,4.81097413052567
5,20,"lasso",-0.00882435690039318,1.84023332376976
5,50,"lasso",-0.93597692649853,6.36094883014734
5,100,"lasso",-0.120973529438795,3.95764795243681
5,250,"lasso",-0.0480446946737743,4.36659748636602
5,500,"lasso",0.370248746202566,3.5863318140891
5,1000,"lasso",0.545550316954791,2.86364418716309
6,10,"lasso",-0.341649178051904,2.69643994535019
6,20,"lasso",-1.4835767853266,2.68788286666142
6,50,"lasso",-0.398660683924823,3.35781734657907
6,100,"lasso",-0.0422975581637508,3.92860882898243
6,250,"lasso",0.288851400721505,4.14121678689821
6,500,"lasso",0.341087855188648,3.57776112659213
6,1000,"lasso",0.571647968100091,2.95992830878132
7,10,"lasso",-1.16143401881467,6.31535776378962
7,20,"lasso",-2.64046700471801,2.96315380351335
7,50,"lasso",-0.987385040050984,4.93456643318317
7,100,"lasso",0.415738271206499,3.55483671627909
7,250,"lasso",0.0846711813320464,3.80390974896225
7,500,"lasso",0.273301658333311,3.72479811752045
7,1000,"lasso",0.557794174572402,2.86618322149965
8,10,"lasso",-7.18831288115514,5.31763207984013
8,20,"lasso",-0.432427937098669,6.03173757831316
8,50,"lasso",-0.110777123786028,4.05345382031817
8,100,"lasso",-0.00829606527596649,4.05244218268661
8,250,"lasso",0.0934541216939218,4.20741877823445
8,500,"lasso",0.327751899510231,3.40782495180504
8,1000,"lasso",0.475177902086767,3.12827914794038
9,10,"lasso",-2.35301221071601,10.2613356917411
9,20,"lasso",-0.209404896397855,8.34692756608685
9,50,"lasso",-0.00794608998992641,4.55032568015683
9,100,"lasso",0.00107323433015905,5.66848466219784
9,250,"lasso",0.208951122398203,4.08450452289665
9,500,"lasso",0.244540051550329,3.73614126472991
9,1000,"lasso",0.47806803067859,3.10564310979455
10,10,"lasso",-3.86508184539033,2.65967691129477
10,20,"lasso",-0.00199856959189626,6.44957509257974
10,50,"lasso",-0.0496844299506736,4.58710119957762
10,100,"lasso",0.0147444788859425,3.72258279976354
10,250,"lasso",-0.069173337954177,4.86465789301491
10,500,"lasso",0.351432679735535,3.83982062764894
10,1000,"lasso",0.52968963320251,2.73577742728706
11,10,"lasso",-0.389572974577203,3.02048392030762
11,20,"lasso",-3.77384100120065,5.85965147818388
11,50,"lasso",0.313508978882693,4.31988243171758
11,100,"lasso",0.089560388702662,4.45497341874876
11,250,"lasso",-0.0974719752900466,4.24578084479529
11,500,"lasso",0.27097304740923,3.64569208817082
11,1000,"lasso",0.510352636905063,3.27585480681543
12,10,"lasso",-1.40099313579797,2.55089311151344
12,20,"lasso",0.263906843854458,1.30355617077938
12,50,"lasso",0.0455195877245974,3.54058376759666
12,100,"lasso",-0.0460142745090928,4.87603587666623
12,250,"lasso",0.18224645347584,4.01512335044879
12,500,"lasso",0.333099196451696,3.74018819708032
12,1000,"lasso",0.475366161502212,3.14156759037343
13,10,"lasso",-0.497927975522516,4.75147110979236
13,20,"lasso",-0.00541819454692249,2.89226312882302
13,50,"lasso",-0.180355696481689,3.44178372766032
13,100,"lasso",0.189859420326923,3.84662258733296
13,250,"lasso",0.331190454732854,3.8184546878128
13,500,"lasso",0.400471578537616,3.97335914212536
13,1000,"lasso",0.664712182101084,2.81848849630394
14,10,"lasso",-24.0064322858553,5.25459170127446
14,20,"lasso",-0.319405527215854,3.07259110847614
14,50,"lasso",-0.477916367097747,6.3790016576906
14,100,"lasso",-0.169270364681621,4.52547615377409
14,250,"lasso",0.0541647189152435,4.3546167524707
14,500,"lasso",0.265723102149242,3.75288563762224
14,1000,"lasso",0.493096365095365,2.91787580731086
15,10,"lasso",-27.4492797702087,4.74502762005449
15,20,"lasso",-0.797783909712614,1.85688520803154
15,50,"lasso",-0.0750190531684456,4.68095749369067
15,100,"lasso",-0.00691151765655773,4.70182393872501
15,250,"lasso",0.0855184421270312,3.9197953096836
15,500,"lasso",0.27944209291971,3.68848115338538
15,1000,"lasso",0.539113127086578,3.06127560582964
16,10,"lasso",-0.296914795848455,4.42284022022655
16,20,"lasso",-0.391436283062648,5.08710991195937
16,50,"lasso",0.182427781594796,2.61949817193988
16,100,"lasso",0.0500887596316035,4.2719142413686
16,250,"lasso",0.118083733601797,3.96505054034868
16,500,"lasso",0.440599207008314,3.09734411996266
16,1000,"lasso",0.575652084047375,2.72530261295209
17,10,"lasso",-22.1694460686161,1.63953882993269
17,20,"lasso",-1.62086998785291,5.99943474689623
17,50,"lasso",-0.0858928482367443,4.82198070322479
17,100,"lasso",0.0615310714494096,4.35524812193388
17,250,"lasso",-0.011513836201213,4.31136639576525
17,500,"lasso",0.285694612056765,3.95815062542588
17,1000,"lasso",0.539074598611507,3.24581004688162
18,10,"lasso",-2.19305056696923,3.76345582182132
18,20,"lasso",-0.107548488279391,4.10907623806063
18,50,"lasso",-0.818361052833468,4.78105766317579
18,100,"lasso",-0.00961832268277152,3.89289107134901
18,250,"lasso",0.26331173417614,4.07915699076973
18,500,"lasso",0.287979726358315,3.46926111029788
18,1000,"lasso",0.542551456288335,2.96211140542268
19,10,"lasso",-5.20636435235213,9.09150986307782
19,20,"lasso",-0.120432330212745,6.46812533362026
19,50,"lasso",-0.0505115791847459,4.66898204965481
19,100,"lasso",-0.0178184007184019,4.5300741123865
19,250,"lasso",0.0335872572015375,4.56074683537693
19,500,"lasso",0.300215862129667,3.64644537954213
19,1000,"lasso",0.457616061955384,2.95349035777886
20,10,"lasso",-15.0689594741023,6.64804329785709
20,20,"lasso",-0.220283674366232,3.0990474378805
20,50,"lasso",-0.0233667662318184,3.216860290895
20,100,"lasso",-0.0111346120888181,4.35840571869102
20,250,"lasso",-0.0183167450304933,4.54383824511884
20,500,"lasso",0.230801338075564,3.46697119066301
20,1000,"lasso",0.43952935744233,3.16996588207996
21,10,"lasso",-2.04051553989329,2.56682153556082
21,20,"lasso",-4.92160169451919,3.5712165385201
21,50,"lasso",-1.09884525513848,5.20731082575818
21,100,"lasso",-0.00564773508607153,3.92526453111975
21,250,"lasso",0.0705523439292084,4.45372957712437
21,500,"lasso",0.344126006351801,3.82976482500315
21,1000,"lasso",0.519041641041361,3.12103628147161
22,10,"lasso",-0.0125604624674489,2.05761376192529
22,20,"lasso",-0.213034212043023,5.29040992698726
22,50,"lasso",-0.225771587787644,4.6269840773174
22,100,"lasso",-0.341841996491525,4.3859840259013
22,250,"lasso",0.0924172169780818,4.4919838289906
22,500,"lasso",0.261192278956432,3.68859616660151
22,1000,"lasso",0.538046509824468,2.98416417990671
23,10,"lasso",-0.462754926653056,0.744957603638392
23,20,"lasso",-0.247692651841498,4.41401716756873
23,50,"lasso",-0.194780640506,4.0683907126063
23,100,"lasso",-0.280562242483028,3.48288167411495
23,250,"lasso",0.134909530953558,3.6330693086206
23,500,"lasso",0.310749822376184,3.48074606970875
23,1000,"lasso",0.578809894036756,2.81297821311115
24,10,"lasso",-4358.48738438545,4.31637821246352
24,20,"lasso",-0.681889236835364,6.34893206074309
24,50,"lasso",-0.182380673686205,2.88483951985605
24,100,"lasso",-0.000201913817885258,3.88244358458731
24,250,"lasso",-0.0108581375651149,3.83120934753503
24,500,"lasso",0.313313138115823,3.69385252809115
24,1000,"lasso",0.48869252860997,3.08059927551703
25,10,"lasso",0.0159181740906361,6.16161308781416
25,20,"lasso",-0.126457141505524,6.22244954682912
25,50,"lasso",-0.0985739306201829,5.41724288438706
25,100,"lasso",-0.509595005963728,5.60558102397501
25,250,"lasso",0.235208219696775,3.91585214739134
25,500,"lasso",0.17226293722893,3.75453055964716
25,1000,"lasso",0.543206401731367,3.01747514442447
26,10,"lasso",-6.89131056880877,7.88203036558413
26,20,"lasso",-0.044558599357317,4.89588541458322
26,50,"lasso",0.0626538149767909,3.86746500111702
26,100,"lasso",-0.000329676676456225,6.76526040872155
26,250,"lasso",0.0195013208963399,4.19230828480824
26,500,"lasso",0.315331573876996,4.03107277317551
26,1000,"lasso",0.543093549343233,2.9475059277652
27,10,"lasso",-0.620503927960452,6.66231400565519
27,20,"lasso",-5.8693117147427,5.7007185676425
27,50,"lasso",0.084768970914925,4.96723279204779
27,100,"lasso",-0.0199063775355697,4.95396402283224
27,250,"lasso",-0.273909615596967,4.67612538715716
27,500,"lasso",0.262387499791449,3.89243397454314
27,1000,"lasso",0.524842004585926,3.00336121912663
28,10,"lasso",-1.30671785276728,5.15733938346724
28,20,"lasso",-2.38402903729979,4.40983520046255
28,50,"lasso",-0.00229252185960505,5.5101264946459
28,100,"lasso",-0.21345857238887,4.56593877986664
28,250,"lasso",0.131567834194932,3.79392769926528
28,500,"lasso",0.32151712631975,3.41955762795207
28,1000,"lasso",0.48110248043756,2.9315060149448
29,10,"lasso",-0.7050953883959,3.94588230648535
29,20,"lasso",-2.23048240495827,4.02938609190847
29,50,"lasso",-0.0503724763211699,5.57597923427614
29,100,"lasso",0.085142148874418,4.42245582948791
29,250,"lasso",0.0480419291496975,4.59145628345682
29,500,"lasso",0.447427352185813,3.33634587692636
29,1000,"lasso",0.610979912466215,2.83169600322961
30,10,"lasso",-5.01057550505732,9.14157874420888
30,20,"lasso",-4.49106778995846,4.52920511686035
30,50,"lasso",-0.0860359325503657,4.63859104993421
30,100,"lasso",-0.238724849504322,4.45860344781145
30,250,"lasso",0.00439520623041523,4.2648338998914
30,500,"lasso",0.233356069096029,3.61224062523898
30,1000,"lasso",0.569520209636379,2.8214471370693
31,10,"lasso",-0.00360817349081688,1.38272675904023
31,20,"lasso",-0.150782224876885,7.42993696184514
31,50,"lasso",-0.0520113717612438,4.22745848068826
31,100,"lasso",-0.102473047924149,5.51493236483655
31,250,"lasso",0.275474593253805,3.292490448219
31,500,"lasso",0.275962804434129,3.57555613613157
31,1000,"lasso",0.598821152155455,2.85911341873719
32,10,"lasso",-15.2193257812318,9.00008121280255
32,20,"lasso",-2.92516120735089,7.42008883609424
32,50,"lasso",0.162899638110613,4.42956506426454
32,100,"lasso",0.0447742655479648,4.86468348333048
32,250,"lasso",0.236484538844533,4.05285732979589
32,500,"lasso",0.264923051696716,3.83575656106543
32,1000,"lasso",0.552505085542291,2.83047409564237
33,10,"lasso",-1.18738368995415,2.06664253869945
33,20,"lasso",-1.80681386858968,3.6669833070177
33,50,"lasso",-0.235538008116016,3.74498821708744
33,100,"lasso",-0.335647300948751,4.39456107405463
33,250,"lasso",0.123303776512654,4.25564574168301
33,500,"lasso",0.442926602239806,3.10797195194411
33,1000,"lasso",0.561265180065283,2.85925690619152
34,10,"lasso",-50.8016403943123,1.29749390737724
34,20,"lasso",-0.414437721510038,3.60424360595819
34,50,"lasso",-0.13652345872664,4.92824121959321
34,100,"lasso",-0.0196836987077562,4.3143447569613
34,250,"lasso",0.196291800043921,4.21810939337084
34,500,"lasso",0.216323414670135,3.50032913775315
34,1000,"lasso",0.501918002069608,2.77323600743525
35,10,"lasso",-74.4187633118408,0.282461831878649
35,20,"lasso",-1.04509872269555,3.2379105582757
35,50,"lasso",-1.16719824274259,3.73026846135522
35,100,"lasso",0.194755229451149,4.38641249708979
35,250,"lasso",0.231305260081821,3.41140843397898
35,500,"lasso",0.333213405886543,3.55933325051219
35,1000,"lasso",0.509006959085816,3.31452297227479
36,10,"lasso",-0.761945669367487,2.29576435452758
36,20,"lasso",-0.170843492006177,1.95317038882169
36,50,"lasso",-0.0584933648470183,2.35978398325628
36,100,"lasso",-0.0678980181578319,3.87202109771239
36,250,"lasso",0.348002722836045,3.70748997193181
36,500,"lasso",0.259130952505312,3.64602885298513
36,1000,"lasso",0.569683871284702,2.94672507737404
37,10,"lasso",-10105.6307387593,2.37219077265917
37,20,"lasso",-0.0150838297101792,4.81138164088436
37,50,"lasso",-0.0201352431227386,5.27956227089058
37,100,"lasso",-0.19684920187325,4.8366428331802
37,250,"lasso",0.156908573526286,3.79790972412304
37,500,"lasso",0.30580320022505,3.62860850637727
37,1000,"lasso",0.447962362499007,3.20630255568182
38,10,"lasso",-9.4001124315614,1.6257321955609
38,20,"lasso",-0.0258399789648975,3.61703231911581
38,50,"lasso",-9.99940055002035e-06,5.76283084824796
38,100,"lasso",-0.0989092292653917,4.08852959180113
38,250,"lasso",0.137634491281427,3.98322853594283
38,500,"lasso",0.353758630473017,3.49958812159259
38,1000,"lasso",0.497960988415285,3.08563852238634
39,10,"lasso",-35.0135416175723,7.94277631254364
39,20,"lasso",-2.85091614643369,4.35384768125219
39,50,"lasso",-0.381295125412321,4.94313841852739
39,100,"lasso",-0.0020484340281488,4.19081170637255
39,250,"lasso",0.042684128213474,4.22723443461899
39,500,"lasso",0.294006820049532,4.04981712021783
39,1000,"lasso",0.56338654854253,3.10806341710747
40,10,"lasso",-0.239169294307588,3.89708030077122
40,20,"lasso",-0.146339585718691,4.15218686268734
40,50,"lasso",0.0326428313865461,6.77090096922081
40,100,"lasso",0.0297370934130893,5.39963134960172
40,250,"lasso",0.285109946252963,4.31147692542031
40,500,"lasso",0.305780506528198,3.79767402024481
40,1000,"lasso",0.543928621719673,3.13305640271484
41,10,"lasso",-1013.71889995142,4.7331939158995
41,20,"lasso",-8.53561690243259,3.32617684546822
41,50,"lasso",-5.17045479497824e-06,3.25607821420694
41,100,"lasso",-0.511951287103931,4.98232118876917
41,250,"lasso",-0.000876758911532827,5.03657277502535
41,500,"lasso",0.271027440755702,3.62849679846468
41,1000,"lasso",0.586081826699929,2.68999175618462
42,10,"lasso",-658.898659878723,6.78295112109527
42,20,"lasso",-0.11815819019443,4.62215378738424
42,50,"lasso",-0.40558050373637,4.43355717071611
42,100,"lasso",0.103295197774042,4.43882500790888
42,250,"lasso",-0.133269671464746,4.34587032136045
42,500,"lasso",0.349438615513887,3.61577888716337
42,1000,"lasso",0.499275832424582,3.14098017303275
43,10,"lasso",-0.0132430627503586,2.50214709008742
43,20,"lasso",-1.50894011776935,5.06155712395898
43,50,"lasso",0.161531568629045,3.01015378213396
43,100,"lasso",-0.0314409921268575,3.77308341105634
43,250,"lasso",0.185147121206545,3.47201220138086
43,500,"lasso",0.364617247083862,3.25794983695433
43,1000,"lasso",0.460458494878676,2.81336429601004
44,10,"lasso",-12.1435701160305,8.01278498505174
44,20,"lasso",-0.12104267511328,4.64898640990489
44,50,"lasso",-0.130570723964196,4.71020018942222
44,100,"lasso",-0.0573076146073603,4.24107336194508
44,250,"lasso",-0.0292278463417175,4.19473944408755
44,500,"lasso",0.262487507832569,3.73969261807518
44,1000,"lasso",0.613673231803101,2.87955918436768
45,10,"lasso",-12.3391582189818,8.59274583828894
45,20,"lasso",-1.16033265320331,5.11533002700827
45,50,"lasso",-0.180150731974951,4.38349206412602
45,100,"lasso",-0.349046004286955,4.1946855121827
45,250,"lasso",0.0964034165302405,3.3480609192083
45,500,"lasso",0.192229217443943,3.85743045709172
45,1000,"lasso",0.532279946991433,2.83230952813714
46,10,"lasso",-6.73162374990203,3.47041207994153
46,20,"lasso",-3.00190258968834,6.1173686844023
46,50,"lasso",0.244923003972649,3.62209388709796
46,100,"lasso",-0.280794559991877,4.2329357058391
46,250,"lasso",0.124132002747596,3.76752122243108
46,500,"lasso",0.195646591730569,3.31675466304468
46,1000,"lasso",0.519730824814195,3.0415314016942
47,10,"lasso",-3.77938713592509,6.15632011599139
47,20,"lasso",-0.0863417767711439,1.2072811707988
47,50,"lasso",0.00048577616407508,4.18371525097217
47,100,"lasso",0.0986262161491769,2.98934945745647
47,250,"lasso",0.182112213741283,4.46996902698833
47,500,"lasso",0.270416123326198,3.83200680261982
47,1000,"lasso",0.505914130487479,3.09837061523808
48,10,"lasso",-2.34995882775042,3.92468743994345
48,20,"lasso",-2.95986301063417,5.9203891600266
48,50,"lasso",-0.248358204324417,5.05955161929332
48,100,"lasso",-0.187959783627224,4.20147840309069
48,250,"lasso",0.393628211990319,3.43617529892968
48,500,"lasso",0.317874207043528,3.20862559870849
48,1000,"lasso",0.602395173434111,2.624765649789
49,10,"lasso",-0.293798798945695,3.37813200888201
49,20,"lasso",-0.115852343546585,6.47643299939964
49,50,"lasso",-0.528775576396518,3.54914095611698
49,100,"lasso",-0.0147910028347971,3.17564673843749
49,250,"lasso",0.0888779898577038,4.1249507014213
49,500,"lasso",0.439016024616643,3.5273630504991
49,1000,"lasso",0.52683480399474,2.75581558473302
50,10,"lasso",-7.6453766402978,9.49807541668282
50,20,"lasso",-0.0557630574070742,5.91916214310504
50,50,"lasso",-2.48378735162018,4.86276057220551
50,100,"lasso",-0.00777276473616118,5.77480284272395
50,250,"lasso",0.259665151131946,3.90577825755627
50,500,"lasso",0.523720671291628,2.94705015990938
50,1000,"lasso",0.419991784899101,3.18555438940106
51,10,"lasso",-0.584949414742237,2.67532146060029
51,20,"lasso",-0.0769698138296169,3.69324252203668
51,50,"lasso",-0.0639228083838432,4.12314111088549
51,100,"lasso",-0.0380327327909455,4.43259029169169
51,250,"lasso",0.033643896340343,4.22726279944415
51,500,"lasso",0.272148598723143,3.858733309569
51,1000,"lasso",0.584590651020359,2.79522286078799
52,10,"lasso",-2.15964830738479,8.74531373718127
52,20,"lasso",-3.23809935921848,4.60270288997501
52,50,"lasso",-8.80573479766777e-05,5.31885424852838
52,100,"lasso",-0.120684892160559,4.64661302033683
52,250,"lasso",0.114360420610102,4.97535090842519
52,500,"lasso",0.4513545201999,3.49190573462251
52,1000,"lasso",0.52566614655487,2.93424321750098
53,10,"lasso",-4.15010354317367,3.50809052899569
53,20,"lasso",-0.140935715902105,3.07858102944172
53,50,"lasso",-0.00965507169537183,7.2662958796947
53,100,"lasso",-0.068549500441623,4.69916462317909
53,250,"lasso",0.389139423962137,3.85426291463799
53,500,"lasso",0.194406256486783,3.79171238889408
53,1000,"lasso",0.575304802044334,2.87059906664145
54,10,"lasso",-9.5542866006987,6.76794398979669
54,20,"lasso",-0.432281458190255,3.91330630671162
54,50,"lasso",-0.628315597582761,6.579807664805
54,100,"lasso",-0.00465118683678356,5.00465331337352
54,250,"lasso",0.0320395131454621,4.3203945855651
54,500,"lasso",0.35758469791998,3.09906485149086
54,1000,"lasso",0.534485865970444,2.98487713300651
55,10,"lasso",-0.127538940560391,5.90981896652048
55,20,"lasso",-0.241550077918063,5.70197400163504
55,50,"lasso",-0.649429483260817,5.60358560237737
55,100,"lasso",-0.028089962167861,4.02260283925325
55,250,"lasso",0.0595660796924089,4.09202895077165
55,500,"lasso",0.300490960335445,3.93456629463057
55,1000,"lasso",0.512837576766011,3.095983724506
56,10,"lasso",-3.08166310682598,2.09812469432967
56,20,"lasso",-0.153550581274089,4.14362091296724
56,50,"lasso",-0.0474849407527294,2.85605505466973
56,100,"lasso",-0.0001200848394729,5.28207582488836
56,250,"lasso",-0.0737410955302469,4.04774153609512
56,500,"lasso",0.325953251386693,3.58455066465314
56,1000,"lasso",0.555580930920429,2.91644082204262
57,10,"lasso",-0.629651927437335,3.43576103509435
57,20,"lasso",-0.00612210851036887,4.89474337344215
57,50,"lasso",-0.353531144244919,5.16156913717764
57,100,"lasso",-0.0170431825925017,4.19167300582527
57,250,"lasso",0.354502472402355,3.26636820826451
57,500,"lasso",0.15885039265057,3.85145687877467
57,1000,"lasso",0.431480619712874,3.04444644502924
58,10,"lasso",-0.176448746903688,5.56045181445205
58,20,"lasso",-0.0500949578038148,5.42860530326901
58,50,"lasso",-1.87216324312503,3.27962703261603
58,100,"lasso",0.120442196008902,4.23902359741307
58,250,"lasso",-0.202450430016804,4.12481489837766
58,500,"lasso",0.235500107087187,3.97212504345146
58,1000,"lasso",0.609448245842012,2.94678910733786
59,10,"lasso",-0.0131663243603606,8.02116249866101
59,20,"lasso",0.29513040836632,3.54066249770645
59,50,"lasso",-0.143911926087743,4.67958129536806
59,100,"lasso",0.0463408681138828,4.53230913559016
59,250,"lasso",0.186896575220871,3.96767629880462
59,500,"lasso",0.410406820158204,3.4079611999992
59,1000,"lasso",0.545041022379176,2.82728352487471
60,10,"lasso",-0.963655466292269,2.15827489538279
60,20,"lasso",-0.443559826724467,4.20810257410742
60,50,"lasso",0.0618710828500799,5.29370635885785
60,100,"lasso",-0.225826457000034,4.32845566381191
60,250,"lasso",0.208995636016394,4.52630021309982
60,500,"lasso",0.299316825184124,3.4252495850272
60,1000,"lasso",0.577475323178064,2.94847145729512
61,10,"lasso",-2.23265516255018,1.81826698612055
61,20,"lasso",-1.26073779691193,2.13158939047587
61,50,"lasso",0.0792751270658009,4.97910999591975
61,100,"lasso",-0.0533174479165697,5.16120458625663
61,250,"lasso",0.0717679127600421,4.54115840741839
61,500,"lasso",0.384006223156463,3.46061447262963
61,1000,"lasso",0.562582407773933,3.12689971441327
62,10,"lasso",-0.802642253857777,4.73042518930793
62,20,"lasso",-0.204494616353359,3.5867269088124
62,50,"lasso",-0.0747940970609038,3.86367206129362
62,100,"lasso",-0.0831871129145414,4.68212146378597
62,250,"lasso",-0.222049221574154,3.96809675152755
62,500,"lasso",0.230093273962355,3.61136784281682
62,1000,"lasso",0.462019626788119,3.28006046109549
63,10,"lasso",-0.974400346854538,1.84757837096745
63,20,"lasso",0.639730941917504,1.86235296148243
63,50,"lasso",-0.174002784017289,3.89323196042501
63,100,"lasso",-0.000359867705337136,3.20025807655654
63,250,"lasso",0.0696695564288251,4.41472744196783
63,500,"lasso",0.23557931003556,3.75911758999809
63,1000,"lasso",0.528131528550506,2.86426470062192
64,10,"lasso",-9.501757964907,5.83197575186349
64,20,"lasso",-0.198412583539979,5.02777383731428
64,50,"lasso",-0.878481994253707,6.00243092674434
64,100,"lasso",0.0232019394280727,4.58578831900132
64,250,"lasso",0.169408291074223,4.06264879253917
64,500,"lasso",0.317822235623547,4.13280972439293
64,1000,"lasso",0.525587792732182,2.97663802534707
65,10,"lasso",-1.11883418587935,3.13968593519304
65,20,"lasso",-0.828383442192612,2.41772998423722
65,50,"lasso",-0.0267764809576392,4.02810942218137
65,100,"lasso",0.00712172896270735,4.40444209565653
65,250,"lasso",0.20257816048673,3.30267718180333
65,500,"lasso",0.294511029918768,3.75938851565736
65,1000,"lasso",0.539155544959471,2.90057419294739
66,10,"lasso",-0.845672177712175,4.42552737875555
66,20,"lasso",-0.770945336908604,3.81068956266787
66,50,"lasso",-0.11632398029513,5.71120116950174
66,100,"lasso",0.119008360664766,3.75386503409548
66,250,"lasso",0.39110714111983,3.84226582695974
66,500,"lasso",0.344294715507023,3.83839390559436
66,1000,"lasso",0.555161979174891,2.93112905026538
67,10,"lasso",-2.36979172448444,2.40526797646621
67,20,"lasso",-0.000850297949118062,4.41559888474333
67,50,"lasso",0.0644420232600306,4.51749108197804
67,100,"lasso",-0.100603759506683,4.48215390277007
67,250,"lasso",0.248104695033809,3.56268999991722
67,500,"lasso",0.279282254059682,3.42697590075033
67,1000,"lasso",0.518520214316365,2.91650188392666
68,10,"lasso",-30.9822040837689,5.04509061984205
68,20,"lasso",-0.624523119570128,4.90552808479718
68,50,"lasso",-0.209853154190865,3.95007271232917
68,100,"lasso",-0.121798221340941,4.10328731074677
68,250,"lasso",0.0612253967494057,4.48419903902915
68,500,"lasso",0.340104525764199,3.53411433736408
68,1000,"lasso",0.517185807734163,2.95741414267288
69,10,"lasso",-4.22401092497093,7.24962650856532
69,20,"lasso",-1.04084711288674,4.53297944800132
69,50,"lasso",-0.00870317698258383,2.78967533008257
69,100,"lasso",-2.99643710577335e-06,4.61477578469693
69,250,"lasso",0.159949893607483,3.95097078341823
69,500,"lasso",0.267326806701049,3.4445977287741
69,1000,"lasso",0.556476657144303,2.95445216330101
70,10,"lasso",-25.6476125908027,1.30870267633905
70,20,"lasso",-0.178075264912168,2.13117278694924
70,50,"lasso",-0.0530442856313453,5.65539639585737
70,100,"lasso",-0.00231351977185534,5.00059999636783
70,250,"lasso",0.0329649848078384,4.17508764937439
70,500,"lasso",0.190319588658456,3.7191007079619
70,1000,"lasso",0.416481314541546,3.28059228031841
71,10,"lasso",-7.22943965037487,3.98038535770533
71,20,"lasso",-0.616779573894643,3.29267551064707
71,50,"lasso",-0.0683036457549413,5.50865541959287
71,100,"lasso",-0.1694135277765,4.58789947845708
71,250,"lasso",0.201587799785739,4.11691724248326
71,500,"lasso",0.325684254487965,3.644142303746
71,1000,"lasso",0.541154168694713,3.11793092957698
72,10,"lasso",-0.0043836297706803,1.75879889984171
72,20,"lasso",-0.212076684774353,3.37367857285391
72,50,"lasso",-0.863007843585691,5.15295669444654
72,100,"lasso",-0.250876595496306,4.60347728475574
72,250,"lasso",-0.00905749151313939,4.67892336059318
72,500,"lasso",0.30778665065306,3.91401506008623
72,1000,"lasso",0.478359348906434,3.26570038949698
73,10,"lasso",-0.330892062277968,5.16744593847701
73,20,"lasso",-0.934489711997163,4.38375804523851
73,50,"lasso",-0.109957554325993,4.66376130352317
73,100,"lasso",0.0111435241838486,3.80664203883911
73,250,"lasso",0.258903747744431,3.90756927613113
73,500,"lasso",0.420233804804484,3.34338469434363
73,1000,"lasso",0.530028108737829,2.98849111023145
74,10,"lasso",0.122695509624641,1.49994609433757
74,20,"lasso",-0.0193704731791189,2.14357194084968
74,50,"lasso",-0.140206220158299,2.55347338747619
74,100,"lasso",-0.478434577821235,4.64323027525227
74,250,"lasso",0.255622083332879,4.00644700374097
74,500,"lasso",0.407729162343842,3.45859636456382
74,1000,"lasso",0.656722135802054,2.72017077890555
75,10,"lasso",-0.609309190395146,6.30886371164413
75,20,"lasso",-0.0663861862001704,1.88136922418783
75,50,"lasso",0.0277840960042091,5.46955338959123
75,100,"lasso",-0.434054692215889,4.24135675296126
75,250,"lasso",0.216899435875045,4.78731379256068
75,500,"lasso",0.419402401023308,3.66730090909286
75,1000,"lasso",0.569478592173788,3.11700354262527
76,10,"lasso",-2.62296203653873,1.24811061864704
76,20,"lasso",0.357305115493669,3.23603631155796
76,50,"lasso",0.0405629874198028,6.73205587785667
76,100,"lasso",-0.0564222530060219,4.65083207592883
76,250,"lasso",0.4198809073051,4.02689089319332
76,500,"lasso",0.335035855618206,3.56885952889075
76,1000,"lasso",0.5518709360188,2.84528074387249
77,10,"lasso",-62.5137606167785,7.64582565325746
77,20,"lasso",-5.85997956762755,3.38051810496929
77,50,"lasso",0.0159969564710709,5.75352227415689
77,100,"lasso",-0.152242282916397,4.2494765483833
77,250,"lasso",0.141269765498685,4.82095380873489
77,500,"lasso",0.187064259780741,4.25476682065178
77,1000,"lasso",0.552725918346369,2.85362530928572
78,10,"lasso",-0.596524096670497,2.10180386340395
78,20,"lasso",-2.7127769143928,3.34046455199891
78,50,"lasso",-0.0521924471275439,3.53871848642764
78,100,"lasso",-0.109469998319843,3.61699334160314
78,250,"lasso",0.00599816563270994,4.24041773561684
78,500,"lasso",0.313416585761365,3.43615035735467
78,1000,"lasso",0.612739452150443,2.55796136085792
79,10,"lasso",-49.5264599454964,2.23271356556217
79,20,"lasso",-0.683280747235288,2.09670244867233
79,50,"lasso",0.052295480508062,4.14189199870618
79,100,"lasso",-0.00674565700693197,4.57170866180872
79,250,"lasso",0.131318999187482,3.75946427306065
79,500,"lasso",0.431955339102749,3.55965751688898
79,1000,"lasso",0.608229640341603,2.6420831589744
80,10,"lasso",-0.167404870861417,4.73269281058116
80,20,"lasso",-3.85322018852009,6.1909184283684
80,50,"lasso",-0.202165219293483,3.74146606487275
80,100,"lasso",-0.00917556285170917,4.16247024557054
80,250,"lasso",0.115496363721236,4.04948190585046
80,500,"lasso",0.365654871492881,3.08396001151095
80,1000,"lasso",0.477157344185025,2.89940665636722
81,10,"lasso",-0.154644198262931,3.10459962708091
81,20,"lasso",-0.00447333070117906,3.92177176789309
81,50,"lasso",-0.291049249394331,5.38725126565728
81,100,"lasso",-0.0839438121414773,4.30366435046435
81,250,"lasso",0.138248042783823,3.92761849126636
81,500,"lasso",0.412815680475971,3.33708904367116
81,1000,"lasso",0.564459400521419,2.92463067396978
82,10,"lasso",-0.950814704706368,5.07290687861026
82,20,"lasso",-0.602146521556523,4.31262233570177
82,50,"lasso",-0.338575604431907,2.53125676337542
82,100,"lasso",-0.0932812993768484,4.9249602889261
82,250,"lasso",-0.16781227072915,3.61505007452739
82,500,"lasso",0.209675910857292,3.30044737823623
82,1000,"lasso",0.528112937682928,2.73456634207185
83,10,"lasso",-1906.88302431111,2.24928441686317
83,20,"lasso",-0.521818738487276,3.56159786434935
83,50,"lasso",0.0516239419831943,3.80679688050423
83,100,"lasso",-0.151350255702545,3.78981904918801
83,250,"lasso",0.309683268150336,3.68482780172014
83,500,"lasso",0.391447190822269,3.32746637077325
83,1000,"lasso",0.562322584178928,3.08548185816436
84,10,"lasso",-21.6552849581962,8.11374666579995
84,20,"lasso",-0.747639593284976,6.81559757184295
84,50,"lasso",0.187840985615271,4.26225432876524
84,100,"lasso",-0.412966411205887,4.50649992459291
84,250,"lasso",0.0413429204480844,4.2113003204091
84,500,"lasso",0.300634249511626,3.53909268515682
84,1000,"lasso",0.576923607766863,2.88395927327162
85,10,"lasso",-168.331684031867,3.29532221575015
85,20,"lasso",-0.142718709604006,3.3039057184709
85,50,"lasso",-0.00143975985883649,2.6255274733755
85,100,"lasso",-0.0186826177404562,3.78767384164853
85,250,"lasso",0.0891211428937032,3.01849335642856
85,500,"lasso",0.405314778976053,3.18946521017838
85,1000,"lasso",0.569146727566306,2.82906758987357
86,10,"lasso",-3.66656452023864,6.39113555476685
86,20,"lasso",-0.000443043447529545,5.90279843587528
86,50,"lasso",-0.131901708875622,4.63601288832805
86,100,"lasso",0.155532978499512,4.71948917779589
86,250,"lasso",0.0795669087749318,4.88687964877724
86,500,"lasso",0.381372440928091,3.41377549403458
86,1000,"lasso",0.473749996581423,3.08412091466433
87,10,"lasso",-0.0613617478378552,5.74302264359614
87,20,"lasso",-0.00309172979280614,6.56931813271969
87,50,"lasso",-0.00229326842554078,3.66529538183983
87,100,"lasso",0.0198131071479591,4.69639792345674
87,250,"lasso",0.0504887150132586,4.23133348292299
87,500,"lasso",0.355757832489498,4.09712951252534
87,1000,"lasso",0.538316358843924,3.0184574263345
88,10,"lasso",-7.36380981100038,1.5256773281273
88,20,"lasso",-1.33725141875678,6.66248145073153
88,50,"lasso",-1.12150747199642,3.95509288019188
88,100,"lasso",-0.612875100265937,5.08943503856687
88,250,"lasso",0.244467197097238,4.03670635826367
88,500,"lasso",0.397206781735093,3.12689699815321
88,1000,"lasso",0.583957679430615,3.03780511803135
89,10,"lasso",0.808644555935468,0.436007633948403
89,20,"lasso",-0.175571452202432,5.25330596646435
89,50,"lasso",-0.0947028672946353,5.76658743256979
89,100,"lasso",-0.0265399039800467,3.90829532462749
89,250,"lasso",0.203894255256628,4.16978342434427
89,500,"lasso",0.270296066948609,3.51565638097952
89,1000,"lasso",0.535685032705496,3.01988908625004
90,10,"lasso",-0.127013086306401,7.6798539842418
90,20,"lasso",0.115029654027726,4.87645198478111
90,50,"lasso",0.256883426300084,2.48354974030715
90,100,"lasso",0.0556130111009555,4.37182017207545
90,250,"lasso",0.00358467323754263,4.65826471410444
90,500,"lasso",0.231984258474506,3.95974415859788
90,1000,"lasso",0.530221740537552,3.00363323335774
91,10,"lasso",-66.4160930201984,6.013647788092
91,20,"lasso",-0.987187492579234,3.58653433597432
91,50,"lasso",-0.0389477378923531,5.26461604207887
91,100,"lasso",-0.0405076786516789,4.13971449473475
91,250,"lasso",-0.118282356518693,3.66958146941218
91,500,"lasso",0.194158528750884,3.84088705837947
91,1000,"lasso",0.51960617116653,3.12502783258131
92,10,"lasso",-0.0230329717804627,1.92233114481975
92,20,"lasso",-6.52401306914323,4.57245921663367
92,50,"lasso",-0.482743454596183,4.63377671191023
92,100,"lasso",-0.0787419661285562,3.50212245909864
92,250,"lasso",0.123126809891135,4.59003619095172
92,500,"lasso",0.228964079508475,3.77341095212023
92,1000,"lasso",0.399516339583843,3.00243413298238
93,10,"lasso",-4.21442369609035,3.62562712751588
93,20,"lasso",-0.166842445524824,2.94030547979092
93,50,"lasso",-0.0305599899832318,4.03489920537972
93,100,"lasso",-0.229861100722969,4.89465810890636
93,250,"lasso",0.190400386160566,4.22713733736816
93,500,"lasso",0.379664230780921,3.86912477218808
93,1000,"lasso",0.604244149389298,2.82560275193193
94,10,"lasso",-68.9263349138515,9.23399912716924
94,20,"lasso",-0.0230319675027233,3.7380164279513
94,50,"lasso",-0.226909587112576,5.53885569720595
94,100,"lasso",-0.00116775522106205,5.14113139906732
94,250,"lasso",-0.14941029902731,4.08136468080351
94,500,"lasso",0.222530334663709,3.13865327064216
94,1000,"lasso",0.467481827552723,2.93303594640878
95,10,"lasso",-3.68337928262916,2.19771540570993
95,20,"lasso",-0.138592720085256,1.28611411685446
95,50,"lasso",-0.289884154686161,4.80118566773521
95,100,"lasso",-0.551538068787527,4.64712976623977
95,250,"lasso",-0.00526337093197093,3.82011433325695
95,500,"lasso",0.36973066428623,3.52584095166225
95,1000,"lasso",0.529645084602249,3.23534038482468
96,10,"lasso",-0.903893693010205,3.7918528743287
96,20,"lasso",-0.178108426492811,3.61310543839857
96,50,"lasso",-0.228919202377362,4.13843708448901
96,100,"lasso",-0.183959815966916,4.8381395885843
96,250,"lasso",0.12871582161521,4.12200749981518
96,500,"lasso",0.482028012388965,3.58656836654987
96,1000,"lasso",0.451297245224037,2.92029323693045
97,10,"lasso",-49.0737093777706,3.00899194464567
97,20,"lasso",-0.846007246958396,4.1338097117135
97,50,"lasso",-0.175686843307856,3.17940100586959
97,100,"lasso",-3.33899578175423e-05,4.96678290541273
97,250,"lasso",0.120467509875107,4.01149007633794
97,500,"lasso",0.347439700424027,3.34349189829676
97,1000,"lasso",0.526007913395538,2.96580042249381
98,10,"lasso",-0.65720085143546,4.015080071852
98,20,"lasso",-0.710215146505057,4.06427766041808
98,50,"lasso",-0.304349815541868,4.44953629439141
98,100,"lasso",-0.0966749288406503,5.38737593890273
98,250,"lasso",0.107452651491238,4.18678897907153
98,500,"lasso",0.288876133459389,3.18809668028609
98,1000,"lasso",0.495558143449803,3.05709702407914
99,10,"lasso",-0.247909193029033,3.86578090305709
99,20,"lasso",0.00942562151638082,3.25586508676241
99,50,"lasso",0.0400736720553344,6.08682112505193
99,100,"lasso",0.0971329020925801,3.99056831947645
99,250,"lasso",0.104118174880944,4.23694164379188
99,500,"lasso",0.38793871849552,3.44558951471726
99,1000,"lasso",0.526845705546959,2.94746797092561
100,10,"lasso",-2.11754025770219,5.23639820771145
100,20,"lasso",-0.00385137232619392,2.83734073111005
100,50,"lasso",-0.0375763280516872,4.64438368481828
100,100,"lasso",-0.00680167693777944,3.71532110377934
100,250,"lasso",0.0853930461319511,4.15743574441617
100,500,"lasso",0.185989629121244,3.30105543139647
100,1000,"lasso",0.52910887885509,2.83729994101739
1,10,"enet",-465.999926690595,4.57664537041478
1,20,"enet",-1.30802635304785,3.46432868228984
1,50,"enet",-0.354080234813111,3.70122678256345
1,100,"enet",-0.471446212641958,5.11609508792932
1,250,"enet",0.166522213077755,3.44160629102767
1,500,"enet",0.426930987340788,3.49353390019255
1,1000,"enet",0.520486281464955,2.85319412503729
2,10,"enet",0.2419234080798,0.407738276253629
2,20,"enet",0.0730188178375158,6.00360116349444
2,50,"enet",-0.727658423555083,3.28047024962709
2,100,"enet",-0.0196582111757797,3.70725994387936
2,250,"enet",0.123310417854696,3.5306668680821
2,500,"enet",0.249006242306785,3.19904031739103
2,1000,"enet",0.491234922369472,2.94785382529815
3,10,"enet",-34.4463430368372,1.92146891099763
3,20,"enet",-1.27453919846242,4.92126677144522
3,50,"enet",-0.27481703181709,3.26192477323119
3,100,"enet",0.0683312394220523,4.3783792072556
3,250,"enet",0.193711731264284,4.6238229301374
3,500,"enet",0.344171099716805,3.37146951070696
3,1000,"enet",0.562579827583486,3.05610148768912
4,10,"enet",-4.92860388398715,4.31789937352612
4,20,"enet",-1.87764007204209,4.49578257121981
4,50,"enet",-0.377515857143557,3.34792875723594
4,100,"enet",-0.287435457945397,3.70142993927198
4,250,"enet",0.109796704560035,4.35950381064054
4,500,"enet",0.492511486608093,3.24510004276521
4,1000,"enet",0.477621031930588,2.92146756726704
5,10,"enet",-3.85495845055807,7.31867191166767
5,20,"enet",-0.00882435690039318,1.84023332376976
5,50,"enet",-0.935511519899447,6.36018420184426
5,100,"enet",-0.427455046842356,4.46602038449597
5,250,"enet",-0.0518376176728548,4.37449181108135
5,500,"enet",0.489826989174082,3.2279343120941
5,1000,"enet",0.555715146990296,2.83143702162953
6,10,"enet",-0.341649178051904,2.69643994535019
6,20,"enet",-1.39045749846902,2.63701169802033
6,50,"enet",-0.398660683924823,3.35781734657907
6,100,"enet",0.206073443603571,3.42872846329547
6,250,"enet",0.364348919737927,3.9152291099162
6,500,"enet",0.342101895576135,3.5750070483598
6,1000,"enet",0.569036957429682,2.96893569347835
7,10,"enet",-1.52600602466968,6.82722409151757
7,20,"enet",-4.70118845030322,3.70815895961431
7,50,"enet",-0.923341026570781,4.85440649068356
7,100,"enet",0.307219809212553,3.87091529464853
7,250,"enet",0.138615644982174,3.69011691377933
7,500,"enet",0.220996439539387,3.85651811684349
7,1000,"enet",0.559917834080562,2.85929262627834
8,10,"enet",-3.14698146720757,3.78431360001986
8,20,"enet",-0.189841834854506,5.49731552495472
8,50,"enet",-0.546142528465252,4.78229683607714
8,100,"enet",-0.00868915672379034,4.05323204252601
8,250,"enet",0.126166324245464,4.13081015349713
8,500,"enet",0.337723461547758,3.38245612304346
8,1000,"enet",0.474020629845373,3.1317262942121
9,10,"enet",-2.35301221071601,10.2613356917411
9,20,"enet",-0.209404896397855,8.34692756608685
9,50,"enet",-0.0164244113764176,4.56942309837055
9,100,"enet",0.041185071250317,5.553509825432
9,250,"enet",0.254110932361409,3.96620212498957
9,500,"enet",0.29438906373304,3.61077326347765
9,1000,"enet",0.49402688462852,3.05779465922485
10,10,"enet",-3.86508184539033,2.65967691129477
10,20,"enet",-0.014902661005447,6.4909721901262
10,50,"enet",-0.0496844299506736,4.58710119957762
10,100,"enet",-0.152341441540713,4.02587714861648
10,250,"enet",-0.0610029692239424,4.84603496663473
10,500,"enet",0.424886215804755,3.61584907505118
10,1000,"enet",0.539795800092438,2.70622420981082
11,10,"enet",-0.389572974577202,3.02048392030762
11,20,"enet",-2.46509252165003,4.99223738505819
11,50,"enet",0.239736834221505,4.54607369432312
11,100,"enet",0.278345795082844,3.96628683109655
11,250,"enet",-0.0683949632432024,4.18915828078681
11,500,"enet",0.305880982508128,3.55733827425699
11,1000,"enet",0.491378075948592,3.33872364478899
12,10,"enet",-1.29080345229693,2.49167110722381
12,20,"enet",-0.0160604322274438,1.53152161132653
12,50,"enet",0.00674957215807781,3.61177547084895
12,100,"enet",-0.0374674858400974,4.85607442522332
12,250,"enet",0.317646572025786,3.66768781693347
12,500,"enet",0.341825270935185,3.71563835008621
12,1000,"enet",0.475217266391414,3.14201335924695
13,10,"enet",-0.635690958953374,4.96516006493829
13,20,"enet",-0.00541819454692249,2.89226312882302
13,50,"enet",0.0210987025788045,3.13434341904969
13,100,"enet",0.146955039492352,3.94716558043991
13,250,"enet",0.327452916267291,3.8291092442617
13,500,"enet",0.417075427622706,3.91795203506566
13,1000,"enet",0.663374345039235,2.82410594539206
14,10,"enet",-23.8096551471957,5.23387651746361
14,20,"enet",-0.193794699810703,2.92267445078446
14,50,"enet",-0.226358955119546,5.81080884613246
14,100,"enet",-0.401045948437597,4.95373760635017
14,250,"enet",0.108076987221004,4.22869019548721
14,500,"enet",0.243332642769898,3.80967473233385
14,1000,"enet",0.497416448072595,2.90541541317021
15,10,"enet",-26.6386630367904,4.67693810235291
15,20,"enet",-0.77713300646565,1.84618950832173
15,50,"enet",0.0586489406873862,4.3802855650901
15,100,"enet",-0.06437592244255,4.8341289315805
15,250,"enet",0.085073568123773,3.92074863836834
15,500,"enet",0.331917976390001,3.5516324690911
15,1000,"enet",0.574514555889226,2.94135616045878
16,10,"enet",-0.0642605333834345,4.00654021688792
16,20,"enet",-0.185242551702989,4.69508086402203
16,50,"enet",0.255910023511299,2.49900867720437
16,100,"enet",0.0570743233372281,4.25617761575962
16,250,"enet",0.162930200027949,3.86292154421121
16,500,"enet",0.44614986264877,3.08193910859293
16,1000,"enet",0.581419126729119,2.70672033460027
17,10,"enet",-18.6572140892988,1.51016661480259
17,20,"enet",-1.62086998785291,5.99943474689623
17,50,"enet",-0.150372694055783,4.9630798655267
17,100,"enet",0.109914056206972,4.24149465808155
17,250,"enet",0.200811884336494,3.83224730114143
17,500,"enet",0.308921917743328,3.89326453590342
17,1000,"enet",0.545893724637516,3.22171063476274
18,10,"enet",-2.19305056696923,3.76345582182132
18,20,"enet",-0.0610002464764181,4.02180090148051
18,50,"enet",-0.778266407946518,4.72805297137318
18,100,"enet",0.098001516857211,3.67956554487163
18,250,"enet",0.275830463584381,4.0443494121558
18,500,"enet",0.269318089955023,3.51443071323261
18,1000,"enet",0.547360288204445,2.94650098412863
19,10,"enet",-6.12581127449987,9.74169522574179
19,20,"enet",-0.120432330212745,6.46812533362026
19,50,"enet",0.296147836836013,3.82175205005228
19,100,"enet",-0.12490007952993,4.76241384265452
19,250,"enet",0.0488540240344563,4.5245795575934
19,500,"enet",0.306812692443083,3.62921725147544
19,1000,"enet",0.466441593463901,2.92936258845819
20,10,"enet",-15.0689594741023,6.64804329785709
20,20,"enet",-0.127791989333671,2.97928689544252
20,50,"enet",-0.0233667662318184,3.216860290895
20,100,"enet",0.155558408111921,3.9829786196369
20,250,"enet",0.00481596832619235,4.49193144419083
20,500,"enet",0.244421993953,3.43613823142208
20,1000,"enet",0.443694976607219,3.15816374913416
21,10,"enet",-2.04051553989329,2.56682153556082
21,20,"enet",-4.92160169451919,3.5712165385201
21,50,"enet",-0.584058969828065,4.52385799858665
21,100,"enet",0.0292228258140851,3.85661040134162
21,250,"enet",0.0888249576565624,4.40973288605677
21,500,"enet",0.417598412736644,3.60888610018425
21,1000,"enet",0.526770040534416,3.09585915520771
22,10,"enet",-0.816180551051832,2.75570601089467
22,20,"enet",-0.751768048793643,6.35756926029328
22,50,"enet",-0.342398219744753,4.84210177400079
22,100,"enet",-0.492667229619866,4.6259171967381
22,250,"enet",0.0713039076725285,4.54393247470819
22,500,"enet",0.350492234618341,3.45849834133909
22,1000,"enet",0.543449633708602,2.96666108286306
23,10,"enet",-0.462754926653062,0.744957603638393
23,20,"enet",-0.247692651841498,4.41401716756873
23,50,"enet",-0.396017457177784,4.39768370489188
23,100,"enet",0.0129780044335912,3.05774869446842
23,250,"enet",0.149221130618247,3.60289218995038
23,500,"enet",0.308482052412668,3.48646754028759
23,1000,"enet",0.572745076831683,2.83315820210695
24,10,"enet",-8729.03045878341,6.10814950675152
24,20,"enet",-0.739749192505157,6.45721587625358
24,50,"enet",-0.482575395848922,3.23036348055591
24,100,"enet",-0.0158416631947329,3.91267993808836
24,250,"enet",0.0586641382057962,3.69711602403825
24,500,"enet",0.327068186364236,3.65666953894916
24,1000,"enet",0.486193241386699,3.08811913113764
25,10,"enet",-0.0880074874812171,6.47880278439642
25,20,"enet",0.0508084589142587,5.71190502014769
25,50,"enet",-0.109933551521045,5.44517890242279
25,100,"enet",-0.216852698801257,5.03279700721785
25,250,"enet",0.190859625122024,4.02778811367141
25,500,"enet",0.182917859892748,3.73028747147462
25,1000,"enet",0.546450990171299,3.00673953828033
26,10,"enet",-6.62774501455957,7.7492847442553
26,20,"enet",-0.0401792758220747,4.88561160800836
26,50,"enet",-0.212244112008866,4.39816406481003
26,100,"enet",0.182575898157753,6.11556604861766
26,250,"enet",0.0701737489791643,4.08254148395359
26,500,"enet",0.288269835188683,4.10996548363496
26,1000,"enet",0.551368402907839,2.92069341331299
27,10,"enet",-0.953343413699338,7.31457934125964
27,20,"enet",-7.42953977448111,6.31502277761114
27,50,"enet",0.0334040877435284,5.10471644681027
27,100,"enet",0.0300284432657214,4.83116860296269
27,250,"enet",-0.233411004487617,4.60119616918702
27,500,"enet",0.427409812433368,3.42948629138059
27,1000,"enet",0.52446530151718,3.00455150872531
28,10,"enet",-1.11202402680707,4.93489481511502
28,20,"enet",-2.38402903729979,4.40983520046255
28,50,"enet",0.332905130530861,4.49529424422405
28,100,"enet",-0.300139090789704,4.726204564275
28,250,"enet",0.287933496100368,3.43543217060932
28,500,"enet",0.311309363588435,3.4451851880126
28,1000,"enet",0.485049465297645,2.92033550784691
29,10,"enet",-0.7050953883959,3.94588230648535
29,20,"enet",-2.06511756086582,3.92490149219915
29,50,"enet",-0.0503724763211699,5.57597923427614
29,100,"enet",0.0772943509540454,4.44138359382913
29,250,"enet",0.0533731937434551,4.57858143272994
29,500,"enet",0.451179744565952,3.32499840501791
29,1000,"enet",0.611831065400192,2.82859651527257
30,10,"enet",-4.83040432695055,9.00352371075033
30,20,"enet",-2.90499189904919,3.8194748550289
30,50,"enet",-0.526381125381376,5.49914893500596
30,100,"enet",-0.332368953430479,4.62406227914215
30,250,"enet",0.163569311665651,3.90907147538908
30,500,"enet",0.245749695445918,3.58292377418564
30,1000,"enet",0.575340545144839,2.80230842750802
31,10,"enet",-0.00360817349081688,1.38272675904023
31,20,"enet",0.00297359064030578,6.91579143719604
31,50,"enet",0.0610347639009088,3.99386968664126
31,100,"enet",-0.0314918987363737,5.33444339103819
31,250,"enet",0.338233074646118,3.1466630676042
31,500,"enet",0.275393722442192,3.576961025929
31,1000,"enet",0.597820794662882,2.86267586326321
32,10,"enet",-15.2193257812318,9.00008121280255
32,20,"enet",-2.92516120735089,7.42008883609424
32,50,"enet",0.106457531373623,4.57646262312339
32,100,"enet",0.0747175124540327,4.78783034231874
32,250,"enet",0.268316208737325,3.96747423435604
32,500,"enet",0.293423048147235,3.76066257525711
32,1000,"enet",0.54411574689459,2.856882825048
33,10,"enet",-1.01234691420896,1.98223119156686
33,20,"enet",-1.87509895154651,3.7113210445172
33,50,"enet",-0.235538008116016,3.74498821708744
33,100,"enet",-0.230941604065335,4.21879414219855
33,250,"enet",0.167917481454869,4.14595037320868
33,500,"enet",0.461586732807315,3.05547515979251
33,1000,"enet",0.563724755347015,2.85123105406358
34,10,"enet",-69.0534606948247,1.5088579942098
34,20,"enet",-0.413672551926082,3.60326857870193
34,50,"enet",-0.575017662459559,5.80156909393439
34,100,"enet",0.0373816858236777,4.19188315119749
34,250,"enet",0.238483333352238,4.10589978773059
34,500,"enet",0.269871389983209,3.37862608635887
34,1000,"enet",0.495221880206691,2.791815206962
35,10,"enet",-20943.7893792342,4.70715031200626
35,20,"enet",-1.04509872269555,3.2379105582757
35,50,"enet",-0.194122246381969,2.7689503156545
35,100,"enet",0.29632166516052,4.10046022602978
35,250,"enet",0.30651215387374,3.24023263080061
35,500,"enet",0.34556575522094,3.52621046692018
35,1000,"enet",0.510896062925582,3.30814048621994
36,10,"enet",-0.761945669367486,2.29576435452758
36,20,"enet",-0.988542996660371,2.54541266853652
36,50,"enet",-0.515305429569741,2.82343808639455
36,100,"enet",-0.203466190653409,4.11045380465726
36,250,"enet",0.381926266671807,3.60975093645341
36,500,"enet",0.322273855975625,3.48719710404166
36,1000,"enet",0.570177722086924,2.94503369258502
37,10,"enet",-1261.51918964227,0.838427292467997
37,20,"enet",-0.0157475462150525,4.8129543541324
37,50,"enet",0.0980073209128419,4.96444321148827
37,100,"enet",-0.180342143192556,4.80317330846594
37,250,"enet",0.248469568430206,3.58575478370755
37,500,"enet",0.341195194688733,3.53490046740648
37,1000,"enet",0.456521121994155,3.18135029892272
38,10,"enet",-9.68680294823952,1.64798741220846
38,20,"enet",0.0245286275244422,3.52711681529302
38,50,"enet",-9.99940055002035e-06,5.76283084824796
38,100,"enet",0.0677985853815462,3.76566007496075
38,250,"enet",0.136742800219369,3.98528734486674
38,500,"enet",0.353443423568985,3.50044148684611
38,1000,"enet",0.493694386592613,3.09872250353522
39,10,"enet",-35.0135416175723,7.94277631254364
39,20,"enet",-2.85091614643369,4.35384768125219
39,50,"enet",-0.0914651947670393,4.39404477302633
39,100,"enet",-0.00111992687597184,4.18886963434615
39,250,"enet",0.032953904172667,4.24866307180178
39,500,"enet",0.338283992305125,3.92076650699236
39,1000,"enet",0.567971462870828,3.09170133204284
40,10,"enet",-0.239169294307588,3.89708030077122
40,20,"enet",-0.0700079243135334,4.01156415550896
40,50,"enet",0.0236089205692863,6.80244338854589
40,100,"enet",-0.0219739992210897,5.54165288572377
40,250,"enet",0.353164804636159,4.10112739374513
40,500,"enet",0.334593213245039,3.71803004100822
40,1000,"enet",0.539122691780899,3.14952070066238
41,10,"enet",-1350.67697102377,5.46283244538819
41,20,"enet",-8.21017638955175,3.26892466808999
41,50,"enet",-0.38310477959221,3.8293163569093
41,100,"enet",-0.538785843041726,5.02634058111913
41,250,"enet",0.0661355054149496,4.86504367222596
41,500,"enet",0.266939563302333,3.63865638096929
41,1000,"enet",0.572277530117347,2.7344798953802
42,10,"enet",-652.693438395357,6.7509847525935
42,20,"enet",0.0976314982833116,4.1522618213158
42,50,"enet",-0.408978797700607,4.43891347541681
42,100,"enet",0.289867597195372,3.9501441211166
42,250,"enet",-0.0387901983305423,4.16077327659744
42,500,"enet",0.411875875733189,3.43789193368024
42,1000,"enet",0.501412208899756,3.13427239916261
43,10,"enet",-0.147192190441497,2.6624049237493
43,20,"enet",-1.79763711053715,5.34483970228515
43,50,"enet",0.334769995736845,2.68121252798133
43,100,"enet",-0.0314409921268575,3.77308341105634
43,250,"enet",0.382099359043155,3.02343727787119
43,500,"enet",0.401825374934016,3.1611177629865
43,1000,"enet",0.468453485870912,2.79244211442885
44,10,"enet",-3.32818879881556,4.59811590421074
44,20,"enet",-0.12104267511328,4.64898640990489
44,50,"enet",-0.198835320942696,4.85031855702481
44,100,"enet",0.0245891804698696,4.07351096108796
44,250,"enet",0.108891231544438,3.90314409307169
44,500,"enet",0.258302749294581,3.7502874038087
44,1000,"enet",0.614693088589083,2.87575582547686
45,10,"enet",-12.2281949861166,8.55693135747058
45,20,"enet",-1.530826926194,5.5366180805033
45,50,"enet",-0.194582286859951,4.41021254204832
45,100,"enet",-0.461947380020593,4.36668532610627
45,250,"enet",0.111099541720852,3.32072281894937
45,500,"enet",0.222614899723383,3.78418309455094
45,1000,"enet",0.534166106449088,2.82659287768294
46,10,"enet",-6.73162374990203,3.47041207994153
46,20,"enet",-1.11653282346296,4.44881045706105
46,50,"enet",0.0667970246703481,4.02672657618981
46,100,"enet",-0.184099240854844,4.07001477870768
46,250,"enet",0.0611376255263019,3.90065325339189
46,500,"enet",0.213719842799643,3.27928039864433
46,1000,"enet",0.518257519776553,3.04619302937863
47,10,"enet",-6.19161368464044,7.55176147366096
47,20,"enet",0.360487047849531,0.926296150063482
47,50,"enet",-0.0196990245298794,4.22574835163987
47,100,"enet",0.0570340208668373,3.05754063976342
47,250,"enet",0.232083269982557,4.33126461226114
47,500,"enet",0.362636841159657,3.58164168341529
47,1000,"enet",0.506227619580867,3.09738752750659
48,10,"enet",-2.34995882775042,3.92468743994345
48,20,"enet",-3.02729709545489,5.97058668661979
48,50,"enet",-0.284892304798888,5.13305343453596
48,100,"enet",-0.178445176907799,4.18461933929214
48,250,"enet",0.413743971457907,3.37869880974683
48,500,"enet",0.26668585341894,3.32683942728643
48,1000,"enet",0.592268459555454,2.65798094986528
49,10,"enet",-1.25316824015838,4.45799990976406
49,20,"enet",-0.115852343546585,6.47643299939964
49,50,"enet",0.0812446003637631,2.75138479094999
49,100,"enet",0.176227153231236,2.86119605406586
49,250,"enet",0.188154844926588,3.89374131313264
49,500,"enet",0.43413817162219,3.54266537525731
49,1000,"enet",0.527932855402504,2.75261608397052
50,10,"enet",-7.69140401775728,9.52332539691487
50,20,"enet",-0.224325750722324,6.37419724089838
50,50,"enet",-2.24588294608687,4.69378826414342
50,100,"enet",0.0653633320336582,5.5613120020183
50,250,"enet",0.307432396801642,3.7776748359643
50,500,"enet",0.537444143083975,2.9042818016695
50,1000,"enet",0.41923180964586,3.18764069605121
51,10,"enet",0.0770701834865218,2.04151515760856
51,20,"enet",-0.0769698138296169,3.69324252203668
51,50,"enet",-0.0639228083838432,4.12314111088549
51,100,"enet",-0.0489730146879706,4.45588757337163
51,250,"enet",-0.21470303594397,4.73942559079787
51,500,"enet",0.377309907548289,3.56910545984715
51,1000,"enet",0.571428169142722,2.83916163316544
52,10,"enet",-2.15964830738479,8.74531373718127
52,20,"enet",-1.96545981276575,3.85011228887615
52,50,"enet",-8.80573479766777e-05,5.31885424852838
52,100,"enet",0.131356967622837,4.09086753128408
52,250,"enet",0.368730665199002,4.20051514335936
52,500,"enet",0.431212233861692,3.55542671947503
52,1000,"enet",0.523033748148527,2.94237399942976
53,10,"enet",-8.00596794695719,4.63903885770128
53,20,"enet",0.803304606205049,1.27825381035343
53,50,"enet",-0.00965507169537183,7.2662958796947
53,100,"enet",-0.0580907294415107,4.67611078218327
53,250,"enet",0.390381417870028,3.85034270196912
53,500,"enet",0.262686636188543,3.62746639662515
53,1000,"enet",0.570707705734077,2.88609359234753
54,10,"enet",-9.5542866006987,6.76794398979669
54,20,"enet",0.325401659479965,2.68566780006339
54,50,"enet",-0.427140545163818,6.15995131457176
54,100,"enet",-0.0241274826893356,5.05293088097356
54,250,"enet",0.13769759307784,4.07778569149039
54,500,"enet",0.319275075741241,3.19013125467892
54,1000,"enet",0.558820578144793,2.90581289503194
55,10,"enet",0.464329825245514,4.07340072006245
55,20,"enet",-0.4729945024262,6.21074466557382
55,50,"enet",-0.501356277510024,5.34614847844563
55,100,"enet",-0.0612565695757845,4.08697322197536
55,250,"enet",0.0853819969995402,4.03547283198954
55,500,"enet",0.385619955868828,3.68738727023903
55,1000,"enet",0.511201219894989,3.10117900117235
56,10,"enet",-3.08166310682598,2.09812469432967
56,20,"enet",-0.24437133659534,4.30364752263408
56,50,"enet",-0.0730200015265394,2.89065718255
56,100,"enet",-0.0001200848394729,5.28207582488836
56,250,"enet",0.0547493077698633,3.79783845599483
56,500,"enet",0.402825541061536,3.37396308388372
56,1000,"enet",0.555476174764366,2.91678452593571
57,10,"enet",-0.493828744335285,3.28946999021187
57,20,"enet",0.0232651543110047,4.82272970199216
57,50,"enet",-0.143625631384049,4.74449029398982
57,100,"enet",-0.165770395583769,4.487704066874
57,250,"enet",0.324788043937207,3.34070333200969
57,500,"enet",0.163947317507382,3.83977024519032
57,1000,"enet",0.429627680547546,3.04940369472489
58,10,"enet",0.0725017208790244,4.93719331315908
58,20,"enet",-0.0500949578038148,5.42860530326901
58,50,"enet",-2.75020159825979,3.74754800523878
58,100,"enet",0.119567307342008,4.24113133376598
58,250,"enet",-0.096774448082239,3.93939505392231
58,500,"enet",0.290725285640069,3.82596890499194
58,1000,"enet",0.605189080376404,2.96281365364368
59,10,"enet",-0.0131663243603606,8.02116249866101
59,20,"enet",0.23122725496615,3.69767836611686
59,50,"enet",-0.383974529691029,5.14724394327781
59,100,"enet",0.0978988169192128,4.40809113213082
59,250,"enet",0.0683780683732029,4.24700908455768
59,500,"enet",0.40053208019422,3.43638163655319
59,1000,"enet",0.544260125186368,2.82970887672749
60,10,"enet",-0.991248032986013,2.17338564167168
60,20,"enet",-0.443559826724467,4.20810257410742
60,50,"enet",0.129648627562152,5.09889296141907
60,100,"enet",-0.161422277067533,4.21321434444282
60,250,"enet",0.215988008040296,4.50624986205903
60,500,"enet",0.317920838737454,3.37947134584898
60,1000,"enet",0.580227889183877,2.9388517548088
61,10,"enet",-3.130983385593,2.05543945054719
61,20,"enet",-1.67195979963839,2.3173594978502
61,50,"enet",-0.0258875657181237,5.25577380211111
61,100,"enet",-0.035570100846962,5.11753930436514
61,250,"enet",0.0554224319021599,4.5809671428519
61,500,"enet",0.387814359483738,3.44990095320722
61,1000,"enet",0.561738310047281,3.12991529595131
62,10,"enet",-0.802642253857777,4.73042518930793
62,20,"enet",-0.170024832892136,3.53503256678534
62,50,"enet",0.350421908811445,3.00367752923373
62,100,"enet",0.079170834035147,4.31698427836116
62,250,"enet",-0.328724867152072,4.13766603937888
62,500,"enet",0.241260078828458,3.5850823610087
62,1000,"enet",0.458456103317881,3.2909059128086
63,10,"enet",-5.35802308178369,3.31547921963247
63,20,"enet",0.0155473966581005,3.0785479173006
63,50,"enet",-0.37481175136518,4.21305699494085
63,100,"enet",-0.204075468930655,3.51102341910207
63,250,"enet",0.118074338526436,4.29834498952313
63,500,"enet",0.30311981729817,3.58920903144467
63,1000,"enet",0.517506113320105,2.89633357100192
64,10,"enet",-4.84974758135646,4.35264522788473
64,20,"enet",-0.245339460223885,5.12526621389118
64,50,"enet",-0.638778363645425,5.60639591253117
64,100,"enet",0.127722716720052,4.33350089454117
64,250,"enet",0.231567329617586,3.90767462488905
64,500,"enet",0.378615571509042,3.94436243401677
64,1000,"enet",0.524642483508347,2.97960215972612
65,10,"enet",-0.819227894062167,2.90925155424352
65,20,"enet",-0.543159652138914,2.22115868406017
65,50,"enet",0.240176784242742,3.46513040130382
65,100,"enet",-0.0369911336438178,4.50122189982797
65,250,"enet",0.211676476674296,3.28378190959709
65,500,"enet",0.301959492624625,3.73949028293695
65,1000,"enet",0.530247328079802,2.92847435337317
66,10,"enet",-0.845672177712175,4.42552737875555
66,20,"enet",-0.493476159693372,3.49945279479392
66,50,"enet",-0.386299801862594,6.3644504754289
66,100,"enet",0.00248421932400311,3.99441007080619
66,250,"enet",0.413102191663444,3.77223040917361
66,500,"enet",0.423222548011413,3.5999737684836
66,1000,"enet",0.607833243631194,2.75213274690937
67,10,"enet",-2.22736013737293,2.35388724019468
67,20,"enet",0.139757750755369,4.09369457815292
67,50,"enet",0.153343108295613,4.29749791654961
67,100,"enet",0.0414660870001374,4.18287619190876
67,250,"enet",0.207831591166778,3.65685809491395
67,500,"enet",0.307098595771391,3.36019253997389
67,1000,"enet",0.517377108367347,2.91996194011167
68,10,"enet",-37.0225392448353,5.50092007188843
68,20,"enet",-0.369500538807021,4.50405745606346
68,50,"enet",-0.209853154190865,3.95007271232917
68,100,"enet",-0.199458906101972,4.24294341924209
68,250,"enet",0.0173055639470254,4.58789493498477
68,500,"enet",0.350883628476844,3.50513139145943
68,1000,"enet",0.513437181024058,2.96887280134014
69,10,"enet",-3.97380011053489,7.07388114303488
69,20,"enet",-1.14354597229325,4.64563318612671
69,50,"enet",-0.108726583149793,2.92471934535712
69,100,"enet",-2.99643710577335e-06,4.61477578469693
69,250,"enet",0.172158083574909,3.92215659139483
69,500,"enet",0.26606064811686,3.4475728098703
69,1000,"enet",0.572121331898604,2.9018772598497
70,10,"enet",-498.665774826869,5.66697946750823
70,20,"enet",-0.651944187259102,2.52365409651344
70,50,"enet",-0.0530442856313453,5.65539639585737
70,100,"enet",-0.0758203765255736,5.18072100324193
70,250,"enet",0.00990905545190512,4.22456543765896
70,500,"enet",0.242112430611723,3.59818521200706
70,1000,"enet",0.413932385607107,3.28774962159657
71,10,"enet",-7.22943965037487,3.98038535770533
71,20,"enet",-0.82333062995007,3.49668282668652
71,50,"enet",-0.100358907840251,5.59069028262659
71,100,"enet",-0.127405170899043,4.50474122897307
71,250,"enet",0.184514216068444,4.16070334419367
71,500,"enet",0.318816976295223,3.66265139728445
71,1000,"enet",0.546909913412948,3.09831361200253
72,10,"enet",-0.00438362977068052,1.75879889984171
72,20,"enet",-0.963199391971785,4.29359285537142
72,50,"enet",-0.397824499224447,4.46349934061068
72,100,"enet",-0.207503648652871,4.52296260412233
72,250,"enet",0.157450978232184,4.27548675572348
72,500,"enet",0.321503176912328,3.87504202153951
72,1000,"enet",0.481721890216711,3.25515787721721
73,10,"enet",-0.0451337946369734,4.57920904407083
73,20,"enet",-0.934489711997163,4.38375804523851
73,50,"enet",-0.355654072795447,5.15415613559052
73,100,"enet",-0.134514358558006,4.07737266285101
73,250,"enet",0.273041390508269,3.87011811600893
73,500,"enet",0.461478152295413,3.22226733712051
73,1000,"enet",0.544696715873066,2.94148350841233
74,10,"enet",0.868866444856029,0.579905720787472
74,20,"enet",0.144681055567505,1.96352341368446
74,50,"enet",-0.227517808588955,2.6494366140102
74,100,"enet",-0.337765368834801,4.41681431152763
74,250,"enet",0.246617958838524,4.03060550619283
74,500,"enet",0.417518867645114,3.42989351559915
74,1000,"enet",0.656555718569348,2.72083005305352
75,10,"enet",-0.47483321093331,6.03952598559639
75,20,"enet",-0.293782593248511,2.07227521160546
75,50,"enet",0.0606462911307458,5.37631965859121
75,100,"enet",-0.179780163997957,3.84700270202254
75,250,"enet",0.22234067934592,4.77065287557348
75,500,"enet",0.412335427757098,3.68955240477292
75,1000,"enet",0.572915252966888,3.10453778961891
76,10,"enet",-11.7627952622175,2.34257814735554
76,20,"enet",0.393072107135822,3.14470211751039
76,50,"enet",0.0139721475757186,6.82470791675396
76,100,"enet",-0.119983105566449,4.78869993376625
76,250,"enet",0.349603284093155,4.2638356170623
76,500,"enet",0.341869724358541,3.55047349718578
76,1000,"enet",0.550680821528857,2.84905640234903
77,10,"enet",-69.9629733749685,8.08176799426582
77,20,"enet",-5.85997956762755,3.38051810496929
77,50,"enet",-0.227416340796941,6.42586397948538
77,100,"enet",-0.0725946440401632,4.09997628573901
77,250,"enet",0.150520180079985,4.79491736000489
77,500,"enet",0.290662141874317,3.97442425684278
77,1000,"enet",0.563018684798205,2.82060009085937
78,10,"enet",-1.63031644226121,2.69779190361506
78,20,"enet",-2.42169592797194,3.20684630903305
78,50,"enet",0.326732382736826,2.8306898522381
78,100,"enet",0.0622810969326499,3.32526501622835
78,250,"enet",0.236191198622113,3.71712682068113
78,500,"enet",0.306098561582839,3.45441411140697
78,1000,"enet",0.606743281836931,2.57768846153319
79,10,"enet",-75.3733107825112,2.74501286591263
79,20,"enet",-0.814891530221506,2.17712748849775
79,50,"enet",0.162093560139922,3.89457488241259
79,100,"enet",0.0797545871119125,4.37089621899704
79,250,"enet",0.118552806266743,3.78698818525466
79,500,"enet",0.411080405973848,3.62447389714454
79,1000,"enet",0.602063561443587,2.66279387653868
80,10,"enet",0.344326608489128,3.54683794050914
80,20,"enet",-4.51610250485876,6.60018711620102
80,50,"enet",-0.43542532922788,4.08836850276918
80,100,"enet",-0.0611349298451129,4.26828179978552
80,250,"enet",0.171496862631507,3.91919371593062
80,500,"enet",0.344173891537934,3.13574172273349
80,1000,"enet",0.489806455439805,2.86411930925171
81,10,"enet",-8.98396050916794e-05,2.88935576545048
81,20,"enet",-0.22376484557385,4.32874593969604
81,50,"enet",-1.44382202615922e-05,4.74131666679977
81,100,"enet",-0.141751000623962,4.41693194571972
81,250,"enet",0.109057236454341,3.99358616523317
81,500,"enet",0.402837332208567,3.36532409646174
81,1000,"enet",0.570284680527616,2.90500662190908
82,10,"enet",-0.495844413192717,4.44213846594831
82,20,"enet",0.00272289225472688,3.40250080986775
82,50,"enet",-0.575266175105259,2.7459442899698
82,100,"enet",-0.0693245642020435,4.87070183911998
82,250,"enet",-0.0989569397294758,3.50685765625673
82,500,"enet",0.289167864322541,3.13006769146716
82,1000,"enet",0.524418354511911,2.74525044999826
83,10,"enet",-1906.88302431111,2.24928441686317
83,20,"enet",-0.728139646182852,3.79535876981153
83,50,"enet",0.183367702560458,3.53250422543881
83,100,"enet",-0.0743394103886421,3.66088003245787
83,250,"enet",0.355868381600233,3.55942876910368
83,500,"enet",0.399731597136082,3.30473987659689
83,1000,"enet",0.574915338448299,3.04077051652824
84,10,"enet",-4.38314580000182,3.95507524599316
84,20,"enet",-1.14450412157799,7.54990426255124
84,50,"enet",0.231698001206075,4.14557529483276
84,100,"enet",-0.232605921123998,4.20906443214037
84,250,"enet",0.0450806892326833,4.2030824495633
84,500,"enet",0.305088154057962,3.52780534551795
84,1000,"enet",0.578065078732148,2.88006614748896
85,10,"enet",-349.9645421963,4.74417164492862
85,20,"enet",-0.142718709604006,3.3039057184709
85,50,"enet",0.271697981736627,2.23902998040566
85,100,"enet",0.0481458342165743,3.66132544888346
85,250,"enet",0.0886497278180619,3.01927434898362
85,500,"enet",0.409804380356452,3.17740289915504
85,1000,"enet",0.569538635889839,2.82778062346173
86,10,"enet",-3.68030224670718,6.40053595511292
86,20,"enet",-0.186082647869652,6.42716198018361
86,50,"enet",-0.180381257440809,4.7342526326104
86,100,"enet",0.172270512248768,4.67248441145033
86,250,"enet",0.161724358080992,4.66368227196929
86,500,"enet",0.384628635451786,3.40477930327045
86,1000,"enet",0.477548989105774,3.07296863503859
87,10,"enet",-0.011601874342791,5.60678142193916
87,20,"enet",-0.0030917297928057,6.56931813271969
87,50,"enet",-0.022183427892656,3.70148497405197
87,100,"enet",-0.664432175486259,6.11988826884338
87,250,"enet",0.166228160424732,3.96506946914087
87,500,"enet",0.372036808280988,4.04503434042091
87,1000,"enet",0.539128132517362,3.01580259726019
88,10,"enet",-8.90999993415562,1.66072393170699
88,20,"enet",-1.33725141875678,6.66248145073153
88,50,"enet",-1.24272166076219,4.06651232331513
88,100,"enet",-0.466677891105008,4.8532937645717
88,250,"enet",0.198235360140448,4.1583778194367
88,500,"enet",0.40201561830011,3.11439947362064
88,1000,"enet",0.579578839086073,3.0537497045906
89,10,"enet",-0.00145181107747772,0.997444431764771
89,20,"enet",-0.276119371428366,5.47335769540805
89,50,"enet",-0.158700629343776,5.93275446397953
89,100,"enet",-0.0164979722211536,3.88913226612477
89,250,"enet",0.300621027696356,3.90826861390901
89,500,"enet",0.343264048009373,3.33525061564851
89,1000,"enet",0.553969858543312,2.95982991241204
90,10,"enet",-0.127013086306401,7.6798539842418
90,20,"enet",0.0811252901562594,4.96898564925228
90,50,"enet",0.081360748239742,2.76132094906382
90,100,"enet",0.0444738166804557,4.39752774447626
90,250,"enet",0.268071949022499,3.99243781764341
90,500,"enet",0.318569255508348,3.729863410471
90,1000,"enet",0.532900507351615,2.99505734069514
91,10,"enet",-66.4160930201984,6.013647788092
91,20,"enet",-0.987187492579234,3.58653433597432
91,50,"enet",-0.112229638263224,5.44712176732193
91,100,"enet",-0.0971978948110979,4.2509914166197
91,250,"enet",-0.0672235737361211,3.58482948058275
91,500,"enet",0.344778818005708,3.46338438364461
91,1000,"enet",0.547973131019137,3.03135853012645
92,10,"enet",0.0964347985152608,1.80660469761309
92,20,"enet",-7.50240416149695,4.86066782378176
92,50,"enet",-0.284632616152368,4.31312025494921
92,100,"enet",-0.0989039261373803,3.53469872607243
92,250,"enet",0.216774395656726,4.33801602582263
92,500,"enet",0.260746252390162,3.69482239656353
92,1000,"enet",0.411113318685053,2.97330018253705
93,10,"enet",-9.69620423634054,5.19271901221266
93,20,"enet",-1.72317907479399,4.4918417199392
93,50,"enet",0.122599355150484,3.72301705787179
93,100,"enet",-0.00600102647148804,4.42683710028919
93,250,"enet",0.195515449437189,4.2137626179032
93,500,"enet",0.410556890699577,3.77155348422456
93,1000,"enet",0.608439103465826,2.81058736796228
94,10,"enet",-64.6319143504467,8.94596062174233
94,20,"enet",-0.0121649651407858,3.7181101669037
94,50,"enet",-0.225113478228029,5.53479996578363
94,100,"enet",-0.0283007545269005,5.21033148415654
94,250,"enet",-0.050969704237225,3.90268013919801
94,500,"enet",0.243547793873772,3.09593876318319
94,1000,"enet",0.467321102897645,2.93347853752608
95,10,"enet",-3.21462270476857,2.08483235588617
95,20,"enet",-0.138592720085256,1.28611411685446
95,50,"enet",-0.361943930479133,4.93347306433085
95,100,"enet",-0.431457342303072,4.46367727156628
95,250,"enet",0.0212692546874074,3.76936373302948
95,500,"enet",0.370159268687704,3.52464190240844
95,1000,"enet",0.540095711115615,3.1991961255989
96,10,"enet",-0.97324013139876,3.86029149792891
96,20,"enet",-0.178108426492811,3.61310543839857
96,50,"enet",-0.228919202377362,4.13843708448901
96,100,"enet",-0.0823103913142791,4.6257890863803
96,250,"enet",0.222999650152579,3.89259724478238
96,500,"enet",0.49187610102888,3.55230942385515
96,1000,"enet",0.452974762538593,2.91582579768622
97,10,"enet",-49.0737093777706,3.00899194464567
97,20,"enet",-0.782473456618543,4.06205047922829
97,50,"enet",-0.175686843307856,3.17940100586959
97,100,"enet",-0.0107159514519026,4.99324053279001
97,250,"enet",0.113059511030382,4.02834835165765
97,500,"enet",0.37240920703134,3.27890046010612
97,1000,"enet",0.523781230632114,2.97275851231671
98,10,"enet",-0.329706606842161,3.59653714599518
98,20,"enet",-0.796555372091097,4.16560704838761
98,50,"enet",-0.284371208270859,4.41532822747207
98,100,"enet",-0.0813836800235916,5.34968524120055
98,250,"enet",0.161000652740038,4.05925422788399
98,500,"enet",0.31290905194169,3.13376170651
98,1000,"enet",0.497255366518681,3.05194980324796
99,10,"enet",-0.585717857292645,4.35771378918836
99,20,"enet",-0.347615432494174,3.79757048448747
99,50,"enet",0.0592622171935373,6.02567745767247
99,100,"enet",0.210545968621517,3.73152418223127
99,250,"enet",0.111844587908843,4.21863161181932
99,500,"enet",0.386014368387644,3.45100181350373
99,1000,"enet",0.533340623892852,2.92716834136081
100,10,"enet",-2.11754025770219,5.23639820771145
100,20,"enet",-0.0971019997524878,2.96619902208074
100,50,"enet",-0.495329398627763,5.57553439374572
100,100,"enet",0.0982283561133686,3.51619277126862
100,250,"enet",0.0945184010342843,4.13664365338995
100,500,"enet",0.213039843765261,3.24574368171159
100,1000,"enet",0.533213292316998,2.82490754395326
1,10,"adalasso",-478.20289285279,4.63605490848781
1,20,"adalasso",-1.90291966315797,3.88522537412357
1,50,"adalasso",-0.410360157803876,3.77736117425026
1,100,"adalasso",-0.377535830194046,4.95014435436226
1,250,"adalasso",-0.0176238243361486,3.80283782482766
1,500,"adalasso",0.414549592780844,3.53107185494369
1,1000,"adalasso",0.521687003932898,2.84961962706785
2,10,"adalasso",-6.54068646383806,1.28596864932231
2,20,"adalasso",0.0252358171958772,6.15639044608134
2,50,"adalasso",-1.2346304183629,3.73086913286402
2,100,"adalasso",-0.465775098628944,4.44487342248254
2,250,"adalasso",0.0362181562098345,3.70188727069262
2,500,"adalasso",0.154304079877088,3.39475680581564
2,1000,"adalasso",0.484928990333851,2.96606627765071
3,10,"adalasso",-36.0060119478016,1.96328697948242
3,20,"adalasso",-3.34838421497275,6.80446759683064
3,50,"adalasso",-0.188296933858869,3.14928888788687
3,100,"adalasso",0.120745253536876,4.25343662794084
3,250,"adalasso",0.0455769183124739,5.03067765869767
3,500,"adalasso",0.244373869418953,3.6189071884197
3,1000,"adalasso",0.571489066464171,3.02481851245048
4,10,"adalasso",-2.58306262554711,3.35678479610243
4,20,"adalasso",-3.31521962043575,5.50539539130616
4,50,"adalasso",-0.0973981710804426,2.98820246984068
4,100,"adalasso",-1.06217365794684,4.68456660239438
4,250,"adalasso",0.0272092241682718,4.55724298118228
4,500,"adalasso",0.469213654274576,3.31875240312318
4,1000,"adalasso",0.46717812448894,2.95052467683518
5,10,"adalasso",-8.55470278283046,10.2671075390192
5,20,"adalasso",-3.83420656880675,4.02835479035486
5,50,"adalasso",-1.42651671550252,7.12136846654451
5,100,"adalasso",-0.688190799546345,4.85680028500821
5,250,"adalasso",-0.0946446482886207,4.46261928174598
5,500,"adalasso",0.448746578132785,3.3553791193656
5,1000,"adalasso",0.525061429339177,2.92748631215335
6,10,"adalasso",0.095586463978554,2.21388365834458
6,20,"adalasso",-1.40101847818954,2.6428304032955
6,50,"adalasso",-0.947478873928985,3.96220792584454
6,100,"adalasso",0.310945336803834,3.19425634576973
6,250,"adalasso",0.337155280293071,3.99810031651589
6,500,"adalasso",0.291677832166644,3.7094797254192
6,1000,"adalasso",0.56543825176732,2.98130579570605
7,10,"adalasso",-2.76599658708148,8.33617701425551
7,20,"adalasso",-4.9780976199317,3.79714468789268
7,50,"adalasso",-1.15918541533325,5.14343150845665
7,100,"adalasso",0.360960274211998,3.71774729112612
7,250,"adalasso",0.00867783309108328,3.95866767730819
7,500,"adalasso",0.20799510698348,3.88856700599265
7,1000,"adalasso",0.566174335802588,2.83889506448885
8,10,"adalasso",-9.03328888381233,5.88630457020703
8,20,"adalasso",-0.432427937098669,6.03173757831316
8,50,"adalasso",-1.08983242568335,5.55990662316958
8,100,"adalasso",0.0795638785252293,3.87185975448088
8,250,"adalasso",0.0205144154720382,4.37340675526451
8,500,"adalasso",0.332799629765409,3.39500662342881
8,1000,"adalasso",0.472628448628727,3.1358681385277
9,10,"adalasso",-2.35301221071601,10.2613356917411
9,20,"adalasso",-0.209404896397855,8.34692756608685
9,50,"adalasso",-0.991298979151531,6.39575861962359
9,100,"adalasso",0.0675134092214627,5.47673148290525
9,250,"adalasso",0.0669876246819416,4.43589670013476
9,500,"adalasso",0.110126646651738,4.05491418428032
9,1000,"adalasso",0.48316954427392,3.09042811384152
10,10,"adalasso",-1.78784065017616,2.01334305503309
10,20,"adalasso",0.11242217980977,6.07016887287451
10,50,"adalasso",-0.0496844299506736,4.58710119957762
10,100,"adalasso",-0.339496127514912,4.34050897881451
10,250,"adalasso",-0.174970428456339,5.09966575255369
10,500,"adalasso",0.347615493667335,3.85110380977796
10,1000,"adalasso",0.519846745011758,2.7642570421904
11,10,"adalasso",-0.389572974577203,3.02048392030762
11,20,"adalasso",-5.16713779712,6.66008292728045
11,50,"adalasso",0.366127863867767,4.15102479407307
11,100,"adalasso",0.00546267601736683,4.65618350477319
11,250,"adalasso",-0.270150474694113,4.56760396480302
11,500,"adalasso",0.211849845949423,3.79064117533481
11,1000,"adalasso",0.484124216360244,3.36244744771
12,10,"adalasso",0.364852586102545,1.31200070636284
12,20,"adalasso",-1.26152771670846,2.28488484570099
12,50,"adalasso",0.0665751370087383,3.50131388577396
12,100,"adalasso",0.372636982705525,3.77622222222066
12,250,"adalasso",0.309485793099253,3.68955495132115
12,500,"adalasso",0.301711916222291,3.82719112158235
12,1000,"adalasso",0.444914770256084,3.23145486391454
13,10,"adalasso",-0.171377937681783,4.20175907858726
13,20,"adalasso",-0.00541819454692249,2.89226312882302
13,50,"adalasso",-0.0863125334144861,3.30182857668642
13,100,"adalasso",0.22706938702281,3.75724606679989
13,250,"adalasso",0.347345678204115,3.77205502231305
13,500,"adalasso",0.454773959058169,3.78914503351231
13,1000,"adalasso",0.662068099035677,2.82957998649668
14,10,"adalasso",-30.139919883785,5.86370149919357
14,20,"adalasso",-0.189402364876132,2.91729279051519
14,50,"adalasso",-0.0159444566650164,5.28886848898368
14,100,"adalasso",-0.50139944508934,5.12808169203772
14,250,"adalasso",0.0685917878523021,4.32127808818555
14,500,"adalasso",0.192621506929846,3.93526503003089
14,1000,"adalasso",0.458701413341961,3.01524459082761
15,10,"adalasso",-20.4968673400245,4.12468412176565
15,20,"adalasso",-0.891239168338295,1.90453754676962
15,50,"adalasso",0.132094640609306,4.20593737366674
15,100,"adalasso",-0.374245022556,5.49291394047608
15,250,"adalasso",0.101218041694714,3.88600259365938
15,500,"adalasso",0.261482595508407,3.73416489605225
15,1000,"adalasso",0.517407151709933,3.13253334247615
16,10,"adalasso",-0.330156413043481,4.47916317675963
16,20,"adalasso",-0.682294768381742,5.59358840483502
16,50,"adalasso",-0.0278537243673522,2.93711325959947
16,100,"adalasso",0.0647144212645734,4.23889960983733
16,250,"adalasso",0.0552755244720738,4.1038136759908
16,500,"adalasso",0.392276557972451,3.22835224536667
16,1000,"adalasso",0.58700578249303,2.68859682407964
17,10,"adalasso",-22.1694460686161,1.63953882993269
17,20,"adalasso",-1.62086998785291,5.99943474689623
17,50,"adalasso",-0.177748334192191,5.02178633952459
17,100,"adalasso",0.148802786578981,4.14780231448477
17,250,"adalasso",0.07372751838713,4.12570716622398
17,500,"adalasso",0.245084489979945,4.06911091713715
17,1000,"adalasso",0.535842186607294,3.25717139205138
18,10,"adalasso",-5.98190691262386,5.56507409819092
18,20,"adalasso",-0.743012026206027,5.1548142039306
18,50,"adalasso",-0.693350926785468,4.61378556746786
18,100,"adalasso",0.333442439296007,3.16309670228497
18,250,"adalasso",0.313089362136963,3.93893364548918
18,500,"adalasso",0.309264497130589,3.41701352129198
18,1000,"adalasso",0.513312320201277,3.05531111455486
19,10,"adalasso",-7.50929590770733,10.6454541430363
19,20,"adalasso",-1.76772308113248,10.1659256352378
19,50,"adalasso",-0.00139301181327323,4.55852205726904
19,100,"adalasso",-0.208407002535537,4.93601845497164
19,250,"adalasso",0.137344161063722,4.30896954584677
19,500,"adalasso",0.286570469727956,3.68182554371112
19,1000,"adalasso",0.437364790621879,3.00812307179285
20,10,"adalasso",-16.327992415465,6.90357561664424
20,20,"adalasso",-0.120631867149446,2.96981439318637
20,50,"adalasso",-0.535018548895395,3.93979259046121
20,100,"adalasso",0.13048119716021,4.04168680188288
20,250,"adalasso",-0.349614575471848,5.23101902972433
20,500,"adalasso",0.27615973003219,3.36319728097307
20,1000,"adalasso",0.429264936857009,3.19886145241425
21,10,"adalasso",-6.1400029186021,3.93342845582476
21,20,"adalasso",-7.09091148074227,4.17441202723428
21,50,"adalasso",-1.32108029187906,5.47606221583566
21,100,"adalasso",-0.014633465994452,3.94276217461128
21,250,"adalasso",0.333083612193359,3.77265481221103
21,500,"adalasso",0.356410116717181,3.79373075165981
21,1000,"adalasso",0.54891827655822,3.02254443537056
22,10,"adalasso",-0.377339849432445,2.39979381447115
22,20,"adalasso",-1.92903320406641,8.22081636664922
22,50,"adalasso",-0.0741836188390308,4.33144188914523
22,100,"adalasso",-0.624764602764012,4.82626961832743
22,250,"adalasso",-0.116700096143691,4.98268390055116
22,500,"adalasso",0.26436812820787,3.68065970281036
22,1000,"adalasso",0.549013829803438,2.94852760954791
23,10,"adalasso",-71.0626434945981,5.22878599430206
23,20,"adalasso",-0.247692651841498,4.41401716756873
23,50,"adalasso",0.260260930439218,3.20123711991749
23,100,"adalasso",-0.162289072052013,3.31814569402358
23,250,"adalasso",0.0331324088334478,3.84084181379352
23,500,"adalasso",0.195542939690429,3.76041115126347
23,1000,"adalasso",0.559342864391559,2.87725061572274
24,10,"adalasso",-5627.98532710361,4.90474956562005
24,20,"adalasso",-1.48838109727031,7.72254470200537
24,50,"adalasso",-4.1337034239119,6.0111613522583
24,100,"adalasso",-1.42860662135668,6.04978443933645
24,250,"adalasso",-0.22976122425782,4.22572446119578
24,500,"adalasso",0.265194092479672,3.82108328104233
24,1000,"adalasso",0.492247406988013,3.06987162398053
25,10,"adalasso",0.305269927648075,5.17710373650103
25,20,"adalasso",-0.136000148022577,6.24875132080319
25,50,"adalasso",-0.0625652259010798,5.32772086471805
25,100,"adalasso",-0.520480911936831,5.62575604220559
25,250,"adalasso",0.0847859337375106,4.28367015889329
25,500,"adalasso",0.145537767586966,3.81466037849043
25,1000,"adalasso",0.53761907452407,3.03587336499276
26,10,"adalasso",-9.65427838890544,9.1585254376468
26,20,"adalasso",-0.483191333505717,5.83395977090336
26,50,"adalasso",-0.0196403689013773,4.03366563224659
26,100,"adalasso",0.00618337929480561,6.74320044342114
26,250,"adalasso",-0.148262647207483,4.53680720138007
26,500,"adalasso",0.350636866696121,3.92576503404451
26,1000,"adalasso",0.533838517620536,2.97720839885407
27,10,"adalasso",-1.0601279720765,7.51185425703526
27,20,"adalasso",-8.07038597684169,6.55067228691078
27,50,"adalasso",-0.219417361409445,5.73357282555692
27,100,"adalasso",0.006901877681184,4.88842295664084
27,250,"adalasso",-0.292636632322187,4.71037051435774
27,500,"adalasso",0.396709464984834,3.52022462346515
27,1000,"adalasso",0.522768733268848,3.00990641581003
28,10,"adalasso",-1.26475337770556,5.11021216048715
28,20,"adalasso",-3.48595148185486,5.07729743126013
28,50,"adalasso",0.319327928737193,4.54080957555975
28,100,"adalasso",-0.266717376406142,4.66506254966532
28,250,"adalasso",0.0466095279627575,3.97517729825146
28,500,"adalasso",0.270916506120548,3.54477860101939
28,1000,"adalasso",0.479499977539504,2.93602918696176
29,10,"adalasso",-0.494343340915117,3.69398377738583
29,20,"adalasso",-1.45453193594509,3.51228328282095
29,50,"adalasso",-0.0611982159262561,5.604640190392
29,100,"adalasso",-0.0276345266607678,4.68711962667703
29,250,"adalasso",0.120305731806824,4.41374689085401
29,500,"adalasso",0.466183052894605,3.27923510172997
29,1000,"adalasso",0.634048964408523,2.74645257697691
30,10,"adalasso",-4.24021113266287,8.53566906352368
30,20,"adalasso",-4.83994142267488,4.67087055887631
30,50,"adalasso",-0.731806584015636,5.85751867145754
30,100,"adalasso",-0.493520842028534,4.89572558050332
30,250,"adalasso",-0.124488758801415,4.53248307685024
30,500,"adalasso",0.0749712896077636,3.96786993549366
30,1000,"adalasso",0.54761624732667,2.89233793283521
31,10,"adalasso",-8.60161779950191,4.27687423850063
31,20,"adalasso",-0.0678994991946864,7.15737460312897
31,50,"adalasso",0.000233766184823292,4.12114946901844
31,100,"adalasso",-0.312967746799278,6.01843021189777
31,250,"adalasso",0.160510555327911,3.54409483091362
31,500,"adalasso",0.219181817182938,3.71311261496214
31,1000,"adalasso",0.601806023166035,2.84845730106543
32,10,"adalasso",-7.36941034772144,6.46513295555782
32,20,"adalasso",-3.74307115791188,8.15661898643561
32,50,"adalasso",0.0964920626364303,4.60191196721065
32,100,"adalasso",0.0982050445685257,4.72667217476209
32,250,"adalasso",0.202411407797058,4.14230301268234
32,500,"adalasso",0.109639930111618,4.22150659599594
32,1000,"adalasso",0.530080606480599,2.90052636111145
33,10,"adalasso",-2.01181654110949,2.42503011799835
33,20,"adalasso",-1.88223018417295,3.71592086927332
33,50,"adalasso",-0.759120560289232,4.46858684800128
33,100,"adalasso",-0.74953497177286,5.0295707670412
33,250,"adalasso",0.165727666582879,4.15140229543734
33,500,"adalasso",0.388445789751285,3.25640461173588
33,1000,"adalasso",0.538542711380951,2.93236402006765
34,10,"adalasso",-32.7014749157071,1.04654528345192
34,20,"adalasso",-0.795521945926286,4.06085591651699
34,50,"adalasso",-0.736309573996688,6.09138899889337
34,100,"adalasso",-0.0543616590421572,4.38709370349868
34,250,"adalasso",0.240086259649677,4.10157623052563
34,500,"adalasso",0.169786535610218,3.60276001313309
34,1000,"adalasso",0.465718078006257,2.87224609396689
35,10,"adalasso",-14.9905570483645,0.130062430222184
35,20,"adalasso",-0.240510849345256,2.52178462559263
35,50,"adalasso",-1.33974122591774,3.87591890771012
35,100,"adalasso",0.204071791802673,4.36096360252492
35,250,"adalasso",0.14589708396525,3.59593527871891
35,500,"adalasso",0.305590359172864,3.63231155881842
35,1000,"adalasso",0.506012880755488,3.32461360235689
36,10,"adalasso",0.330329933343847,1.41534232989431
36,20,"adalasso",-0.850596449190972,2.45553749847315
36,50,"adalasso",-1.42063722224364,3.56856024242833
36,100,"adalasso",-0.427174127747098,4.47621879852823
36,250,"adalasso",0.314775012600768,3.80078838090219
36,500,"adalasso",0.225752144180598,3.72725736287717
36,1000,"adalasso",0.564861102342787,2.96319178210374
37,10,"adalasso",-32441.2558709941,4.25012727489723
37,20,"adalasso",0.279747188328762,4.05285749110546
37,50,"adalasso",-0.0955798570648305,5.47130669932268
37,100,"adalasso",-0.196083557717313,4.83509554562535
37,250,"adalasso",-0.0133116730656597,4.16369418309194
37,500,"adalasso",0.30520688278183,3.63016666543871
37,1000,"adalasso",0.418892821367467,3.28963926801887
38,10,"adalasso",-9.4001124315614,1.6257321955609
38,20,"adalasso",-0.182982657120369,3.88420164662496
38,50,"adalasso",-9.99940055002035e-06,5.76283084824796
38,100,"adalasso",-0.363746367702784,4.55462932921564
38,250,"adalasso",-0.126205404837551,4.55195897370416
38,500,"adalasso",0.264135344579363,3.73438016389421
38,1000,"adalasso",0.483571878683297,3.12954540155002
39,10,"adalasso",-32.1915669040751,7.62523606346623
39,20,"adalasso",-1.56396361979243,3.55260669233734
39,50,"adalasso",-0.518341319801744,5.18255879426431
39,100,"adalasso",-0.149936233478873,4.48942448403475
39,250,"adalasso",-0.152278751897286,4.63775156626742
39,500,"adalasso",0.320041855794166,3.97444278241624
39,1000,"adalasso",0.551816600612346,3.14897490001044
40,10,"adalasso",-0.239169294307588,3.89708030077122
40,20,"adalasso",0.163835407068618,3.54622373223409
40,50,"adalasso",-0.3777520086613,8.08050607555588
40,100,"adalasso",-0.0360755361544722,5.57975468494564
40,250,"adalasso",0.342916124762255,4.13348954653237
40,500,"adalasso",0.294325709130941,3.82887712348384
40,1000,"adalasso",0.524832502270801,3.19797575997035
41,10,"adalasso",-1485.05084817364,5.72793733173993
41,20,"adalasso",-2.84224051057337,2.11136448428071
41,50,"adalasso",-0.500044599309664,3.98791406895118
41,100,"adalasso",-0.513374204901681,4.98466510234233
41,250,"adalasso",0.0504253178138746,4.9057947558607
41,500,"adalasso",0.245737926874421,3.69090008923359
41,1000,"adalasso",0.558978240817593,2.77666643410536
42,10,"adalasso",-658.898659878723,6.78295112109527
42,20,"adalasso",-0.0751429698388721,4.53237542690185
42,50,"adalasso",-0.549197498564699,4.65455154727318
42,100,"adalasso",0.131509654898883,4.3684339511704
42,250,"adalasso",-0.157682002692966,4.39242920798186
42,500,"adalasso",0.353960303299446,3.60319134992328
42,1000,"adalasso",0.471602096856373,3.22660989363033
43,10,"adalasso",-0.759608340028685,3.29734221454799
43,20,"adalasso",-1.48576581186615,5.03812687306648
43,50,"adalasso",-0.0117616506310456,3.30662109758675
43,100,"adalasso",-0.238927601265062,4.13520626095354
43,250,"adalasso",0.315089700528249,3.18316014921364
43,500,"adalasso",0.341201333202545,3.31743970286628
43,1000,"adalasso",0.461003219744574,2.8119437412633
44,10,"adalasso",-12.3645000094398,8.07984768230367
44,20,"adalasso",-0.12104267511328,4.64898640990489
44,50,"adalasso",0.319129470128909,3.65529781188905
44,100,"adalasso",-0.671237811074228,5.33205022241381
44,250,"adalasso",-0.103723364648281,4.34389525045581
44,500,"adalasso",0.175173777005135,3.95487213107969
44,1000,"adalasso",0.593804349728949,2.95267905150869
45,10,"adalasso",-20.663256743561,10.9503910262371
45,20,"adalasso",-2.19231716647348,6.21822396339893
45,50,"adalasso",-0.0711948708881427,4.17624267450475
45,100,"adalasso",-0.684383370553112,4.68712459903247
45,250,"adalasso",-0.397730148964743,4.16406718444346
45,500,"adalasso",0.165936882091553,3.91970599878403
45,1000,"adalasso",0.506405532555591,2.90959713112885
46,10,"adalasso",-6.73162374990203,3.47041207994153
46,20,"adalasso",-3.08037218340878,6.17705243637902
46,50,"adalasso",0.354156635789111,3.3498679252302
46,100,"adalasso",-0.567649448657682,4.68302430610908
46,250,"adalasso",-0.241277363596375,4.48508621785582
46,500,"adalasso",0.102394834218768,3.50374561187397
46,1000,"adalasso",0.501044617037289,3.10013641196494
47,10,"adalasso",-5.76091582753781,7.32213705240433
47,20,"adalasso",-1.25490466593656,1.7393592025134
47,50,"adalasso",-0.375764440090038,4.90839685028924
47,100,"adalasso",-0.055339934941282,3.23459873485752
47,250,"adalasso",0.223894483478099,4.35429689341684
47,500,"adalasso",0.264418010007981,3.84772656002481
47,1000,"adalasso",0.510390207346971,3.08430413528188
48,10,"adalasso",-3.40702373580914,4.5015080958752
48,20,"adalasso",-0.768013361672014,3.95596959673698
48,50,"adalasso",-0.908141716787407,6.25529411446951
48,100,"adalasso",-0.467023832811081,4.66895674886297
48,250,"adalasso",0.361327734428081,3.52650778264299
48,500,"adalasso",0.210235588920367,3.45251510936664
48,1000,"adalasso",0.600664292319159,2.63047260217826
49,10,"adalasso",0.130761683146902,2.76893445839428
49,20,"adalasso",-0.115852343546585,6.47643299939964
49,50,"adalasso",-0.484366954675807,3.49721247356647
49,100,"adalasso",0.481141152981686,2.27074566749123
49,250,"adalasso",0.151543194724393,3.98057088541475
49,500,"adalasso",0.43617908132225,3.53627088905562
49,1000,"adalasso",0.507364988035894,2.81194222189514
50,10,"adalasso",-11.0526698999372,11.2146386755618
50,20,"adalasso",-0.189320772465659,6.28241336240988
50,50,"adalasso",-2.73338654725297,5.03394593425545
50,100,"adalasso",-0.112632325968931,6.0678060375119
50,250,"adalasso",0.319592542083605,3.74436364293898
50,500,"adalasso",0.509897977442708,2.98950929956943
50,1000,"adalasso",0.407786935766956,3.21889599073415
51,10,"adalasso",-0.839641814944519,2.88227162764517
51,20,"adalasso",-0.0769698138296169,3.69324252203668
51,50,"adalasso",-0.0639228083838432,4.12314111088549
51,100,"adalasso",-0.0242078186880572,4.40297389019683
51,250,"adalasso",-0.258374062307477,4.82386927130863
51,500,"adalasso",0.346353727591601,3.65674601854836
51,1000,"adalasso",0.570683812412669,2.84162613512389
52,10,"adalasso",-2.71330691120603,9.48061356325137
52,20,"adalasso",0.113610630347287,2.10493962627213
52,50,"adalasso",-8.80573479766777e-05,5.31885424852838
52,100,"adalasso",-0.0889022201645169,4.58025004896273
52,250,"adalasso",0.37828864082531,4.16859409851329
52,500,"adalasso",0.431973250826437,3.55304740871755
52,1000,"adalasso",0.530800295466896,2.91832001407135
53,10,"adalasso",-3.85402692653242,3.40575891718535
53,20,"adalasso",0.6720960328209,1.65041566322971
53,50,"adalasso",0.212763912774136,6.41621723637424
53,100,"adalasso",-0.0710378875327475,4.70463303656302
53,250,"adalasso",0.378454120513236,3.88782656966068
53,500,"adalasso",0.148201015719098,3.89893418413095
53,1000,"adalasso",0.566611929263819,2.89982867824996
54,10,"adalasso",-9.5542866006987,6.76794398979669
54,20,"adalasso",-0.432281458190255,3.91330630671162
54,50,"adalasso",-0.864240508974389,7.04036017734673
54,100,"adalasso",-0.10580737248327,5.25056558652027
54,250,"adalasso",-0.0291284630139335,4.45481212852388
54,500,"adalasso",0.25443026895892,3.33861899453791
54,1000,"adalasso",0.53904102264058,2.97023739695958
55,10,"adalasso",-0.127538940560391,5.90981896652048
55,20,"adalasso",-1.54387542183151,8.1618955313789
55,50,"adalasso",-0.802036455156803,5.85707682302724
55,100,"adalasso",-0.657164787234886,5.10710097506614
55,250,"adalasso",0.132229103291994,3.93076513570764
55,500,"adalasso",0.337857311762098,3.82803584260478
55,1000,"adalasso",0.484113323858539,3.18594983783674
56,10,"adalasso",-3.08166310682598,2.09812469432967
56,20,"adalasso",-0.579515662469938,4.84868157083596
56,50,"adalasso",-0.0967001227167283,2.92237959531153
56,100,"adalasso",-0.381846286453779,6.20881078221075
56,250,"adalasso",-0.446884448214678,4.69872372345693
56,500,"adalasso",0.278534532923959,3.70849321103253
56,1000,"adalasso",0.548168009151483,2.94066338635333
57,10,"adalasso",-0.113364820698652,2.83984260255491
57,20,"adalasso",-0.00612210851036887,4.89474337344215
57,50,"adalasso",-0.324788276565627,5.10647088945833
57,100,"adalasso",-0.608529661188852,5.27147603078912
57,250,"adalasso",0.189544848326686,3.66001058956426
57,500,"adalasso",0.0514279018997046,4.09000265104713
57,1000,"adalasso",0.409674234030947,3.1022841318125
58,10,"adalasso",-0.176448746903688,5.56045181445205
58,20,"adalasso",-0.517376874164547,6.5256039242804
58,50,"adalasso",-2.57485223276056,3.65888656059202
58,100,"adalasso",-0.0231574061452484,4.57198573978606
58,250,"adalasso",-0.443431653222356,4.51927725320621
58,500,"adalasso",0.240043176594673,3.96030520573039
58,1000,"adalasso",0.601361383797937,2.97714126767861
59,10,"adalasso",-0.231673254855264,8.84391779413512
59,20,"adalasso",0.227982240998588,3.70547415662716
59,50,"adalasso",-0.798425581198555,5.86755187917829
59,100,"adalasso",-0.153815641884271,4.98529829487376
59,250,"adalasso",-0.252180826521211,4.92375985216776
59,500,"adalasso",0.323672310242641,3.65003475918629
59,1000,"adalasso",0.545300132094852,2.82647830835973
60,10,"adalasso",-0.963655466292269,2.15827489538279
60,20,"adalasso",-0.443559826724467,4.20810257410742
60,50,"adalasso",0.00407096421273545,5.45434724015732
60,100,"adalasso",-0.266739337530225,4.4000955438455
60,250,"adalasso",0.109964477469918,4.80128610627674
60,500,"adalasso",0.322170862489502,3.36892617900687
60,1000,"adalasso",0.573151078726653,2.96352082162923
61,10,"adalasso",-46.749317187,6.9881391858583
61,20,"adalasso",-2.28187859692005,2.56826425985855
61,50,"adalasso",0.369540478461585,4.12017238368173
61,100,"adalasso",-0.174291721310867,5.4495348590576
61,250,"adalasso",-0.114331811278654,4.97560192625476
61,500,"adalasso",0.340335475086734,3.5811838896352
61,1000,"adalasso",0.540997555473887,3.20312088562452
62,10,"adalasso",-3.25066185869081,7.26396401891072
62,20,"adalasso",-0.14371300680242,3.49505817931244
62,50,"adalasso",0.125981457803793,3.48415882723883
62,100,"adalasso",-0.0526912224682599,4.61574103290382
62,250,"adalasso",-0.654525490235769,4.61715691719131
62,500,"adalasso",0.237810158160189,3.59322363705009
62,1000,"adalasso",0.464047112974564,3.27387384615065
63,10,"adalasso",-7.4904893982379,3.83134819012714
63,20,"adalasso",0.608148170134877,1.94226932581463
63,50,"adalasso",-0.302040671590946,4.1000390373583
63,100,"adalasso",-0.560964832086387,3.99763769370395
63,250,"adalasso",0.146518133776813,4.22846196831517
63,500,"adalasso",0.222909068532645,3.79014316618207
63,1000,"adalasso",0.492537870051315,2.970328550069
64,10,"adalasso",-9.42679248631022,5.81112305887677
64,20,"adalasso",-0.501371881612226,5.62751540362492
64,50,"adalasso",-0.592441191239585,5.5265659152849
64,100,"adalasso",0.0111570273542041,4.61397540492074
64,250,"adalasso",0.173746061111945,4.05202630188801
64,500,"adalasso",0.415179373961515,3.8265551034038
64,1000,"adalasso",0.502362619927373,3.04862913062505
65,10,"adalasso",-10.9472093995098,7.45540017676871
65,20,"adalasso",-8.7080604572238,5.57109280141798
65,50,"adalasso",-0.104198522733029,4.1772155328207
65,100,"adalasso",-0.205146304425234,4.85246920887943
65,250,"adalasso",-0.121509377267224,3.91672894615533
65,500,"adalasso",0.27891434215397,3.80071692760432
65,1000,"adalasso",0.538054408391301,2.90403742513935
66,10,"adalasso",-2.17038182818012,5.80020754787126
66,20,"adalasso",-0.749292869179691,3.78732221488546
66,50,"adalasso",-0.473561216447858,6.56170077760986
66,100,"adalasso",-0.605808345776061,5.06803512158595
66,250,"adalasso",0.316484011063091,4.07090818027939
66,500,"adalasso",0.319025375829872,3.91165607730177
66,1000,"adalasso",0.565432461488369,2.89709429495933
67,10,"adalasso",-2.21704446152765,2.35012234086607
67,20,"adalasso",0.402956595709849,3.41042109571359
67,50,"adalasso",0.202305151130914,4.17138566823893
67,100,"adalasso",-0.0746560623188874,4.42900341582691
67,250,"adalasso",0.0239940481838027,4.05906103093457
67,500,"adalasso",0.212956498596166,3.58119369507646
67,1000,"adalasso",0.520980528361748,2.90904082243009
68,10,"adalasso",-47.3838875980177,6.2053339195739
68,20,"adalasso",-0.729842076700768,5.06204552444226
68,50,"adalasso",-0.82828150888274,4.85579443467452
68,100,"adalasso",-0.412387652358327,4.60417168538866
68,250,"adalasso",-0.179179130286748,5.02567161056954
68,500,"adalasso",0.25327306172404,3.75944668662746
68,1000,"adalasso",0.513546630776418,2.96853886638272
69,10,"adalasso",-5.73559126401735,8.23192598801221
69,20,"adalasso",-1.34380026501052,4.85779086479584
69,50,"adalasso",-0.80656722817963,3.73335279044699
69,100,"adalasso",0.0403082142899855,4.52080571376479
69,250,"adalasso",0.147312719699155,3.98057778448973
69,500,"adalasso",0.251940613480591,3.48057822011671
69,1000,"adalasso",0.552169248108499,2.96876401984157
70,10,"adalasso",-412.031812329256,5.15232902568806
70,20,"adalasso",-0.156164203622184,2.11126088988399
70,50,"adalasso",0.207766419122553,4.90530884579943
70,100,"adalasso",-0.289245021519749,5.67137093992595
70,250,"adalasso",-0.124453763940739,4.50210167331778
70,500,"adalasso",0.114961950203768,3.88832084492063
70,1000,"adalasso",0.391704737880525,3.34951627038053
71,10,"adalasso",-7.22943965037487,3.98038535770533
71,20,"adalasso",-0.933849234884364,3.60109711134491
71,50,"adalasso",-0.391745431848198,6.28750225749644
71,100,"adalasso",-0.287401713828875,4.81378709844184
71,250,"adalasso",-0.0236957355482881,4.66169656869039
71,500,"adalasso",0.279311900968282,3.76736199831493
71,1000,"adalasso",0.520864127063995,3.1861222748493
72,10,"adalasso",0.346155483020788,1.41906933559153
72,20,"adalasso",-0.212076684774353,3.37367857285391
72,50,"adalasso",-0.804809736718185,5.07183204821537
72,100,"adalasso",-0.524405366622527,5.08193382656085
72,250,"adalasso",0.209284956911376,4.14188442978356
72,500,"adalasso",0.36210782091004,3.75730236540469
72,1000,"adalasso",0.477528881380847,3.26829890205064
73,10,"adalasso",-0.330892062277968,5.16744593847701
73,20,"adalasso",-0.934489711997163,4.38375804523851
73,50,"adalasso",-0.565432590652065,5.53860399420306
73,100,"adalasso",-0.320033975809078,4.39812899834287
73,250,"adalasso",0.156706000745672,4.16829917782778
73,500,"adalasso",0.432001989473611,3.30927846160545
73,1000,"adalasso",0.516873520199518,3.03002664202505
74,10,"adalasso",0.218867465973993,1.41534670635529
74,20,"adalasso",-0.0193704731791189,2.14357194084968
74,50,"adalasso",-0.227517808588955,2.6494366140102
74,100,"adalasso",-0.504609368866009,4.68415273652671
74,250,"adalasso",0.27553595501229,3.95249273483493
74,500,"adalasso",0.404567286187132,3.46781604612032
74,1000,"adalasso",0.646631495094252,2.75986088114641
75,10,"adalasso",-0.488641382796207,6.06773274280289
75,20,"adalasso",-1.40522988397808,2.82549846508447
75,50,"adalasso",0.09679448095025,5.27185912729213
75,100,"adalasso",-0.21549977635166,3.90480533484551
75,250,"adalasso",0.238811542244849,4.7198611614747
75,500,"adalasso",0.439135045534729,3.60444232221522
75,1000,"adalasso",0.582681229209487,3.06883741030388
76,10,"adalasso",-2.60233061675881,1.24455178223314
76,20,"adalasso",0.320957611634791,3.32628461675801
76,50,"adalasso",0.0565008666614332,6.67590627195765
76,100,"adalasso",-0.35035751913513,5.25818996682986
76,250,"adalasso",0.388916235752814,4.13296431806933
76,500,"adalasso",0.33672898302795,3.56431312950158
76,1000,"adalasso",0.545873800319045,2.86425610864333
77,10,"adalasso",-59.4157561365268,7.45702474711275
77,20,"adalasso",-6.18480743060182,3.45962814381369
77,50,"adalasso",-0.321051904210706,6.66646369937957
77,100,"adalasso",-0.0673274485017705,4.08989701005621
77,250,"adalasso",0.133589402626215,4.84246478563246
77,500,"adalasso",0.414685560956471,3.6102915431128
77,1000,"adalasso",0.517161534043903,2.96490657072414
78,10,"adalasso",-2.91082644726091,3.28956686773133
78,20,"adalasso",-3.06128901111424,3.49373039348755
78,50,"adalasso",0.334352626659984,2.81462496961541
78,100,"adalasso",-0.1285226873793,3.64791806423573
78,250,"adalasso",0.121034662251809,3.98750209092854
78,500,"adalasso",0.208499865587782,3.68935971847775
78,1000,"adalasso",0.585401473877911,2.64670921319657
79,10,"adalasso",-63.1930299303653,2.51661924265977
79,20,"adalasso",-0.687631779801591,2.09941053315893
79,50,"adalasso",0.168228232760483,3.8802917641709
79,100,"adalasso",-0.065209789230926,4.70258050038875
79,250,"adalasso",0.102001994985011,3.82237671152067
79,500,"adalasso",0.429393426707705,3.56767561129988
79,1000,"adalasso",0.590883498747779,2.69994049995477
80,10,"adalasso",-0.167404870861417,4.73269281058116
80,20,"adalasso",-4.11426859301565,6.35523845526912
80,50,"adalasso",-0.527863943394551,4.21795626211043
80,100,"adalasso",-0.23915665363018,4.61244165796851
80,250,"adalasso",0.0673456571692312,4.15824438584514
80,500,"adalasso",0.226165632557099,3.40619839840563
80,1000,"adalasso",0.472252757140951,2.91297402568459
81,10,"adalasso",-0.154644198262931,3.10459962708091
81,20,"adalasso",-0.211056555674149,4.3062111686623
81,50,"adalasso",-0.3072648679825,5.42097771623666
81,100,"adalasso",-0.430193425523702,4.94347561334316
81,250,"adalasso",-0.0351574977192139,4.30468495900308
81,500,"adalasso",0.39719409491807,3.38118800324683
81,1000,"adalasso",0.560089133558394,2.93926709835473
82,10,"adalasso",-0.685443673872799,4.7152638743005
82,20,"adalasso",-0.407940582169856,4.0428020364474
82,50,"adalasso",-1.56145481775179,3.50153198607615
82,100,"adalasso",-0.218756849710788,5.19990378714003
82,250,"adalasso",-0.284277603334844,3.7910302925081
82,500,"adalasso",0.14362917959814,3.43558844619414
82,1000,"adalasso",0.503036742210971,2.80628367161524
83,10,"adalasso",-1906.88302431111,2.24928441686317
83,20,"adalasso",0.24337169776825,2.51133534907849
83,50,"adalasso",0.163548751450796,3.57511265077057
83,100,"adalasso",-0.149188803953677,3.78626002833229
83,250,"adalasso",0.338998352266733,3.60573884346465
83,500,"adalasso",0.385450447116455,3.34382078268142
83,1000,"adalasso",0.575932222398029,3.03713128597207
84,10,"adalasso",-22.7269940518813,8.30343977017398
84,20,"adalasso",-1.28530113949466,7.79380830926944
84,50,"adalasso",0.095294715565404,4.49854831815167
84,100,"adalasso",-1.0679859008734,5.45189189772649
84,250,"adalasso",-0.130369639900367,4.57293273986422
84,500,"adalasso",0.331837601525537,3.4592406221487
84,1000,"adalasso",0.584868772169294,2.85675126865877
85,10,"adalasso",-394.565359878733,5.03660507676198
85,20,"adalasso",0.0356911709091585,3.0350513838898
85,50,"adalasso",0.0824576599112609,2.51314304627726
85,100,"adalasso",-0.413590246524065,4.46184928975141
85,250,"adalasso",-0.436409184919577,3.79052181404631
85,500,"adalasso",0.389924553905071,3.23047265783006
85,1000,"adalasso",0.558433121180146,2.86402543526077
86,10,"adalasso",-2.59896465937225,5.61265286570563
86,20,"adalasso",-1.46181158812945,9.25953494422357
86,50,"adalasso",-0.129105124186768,4.63028225791582
86,100,"adalasso",0.224705347589411,4.52206751141104
86,250,"adalasso",0.0706427824206964,4.91051305163871
86,500,"adalasso",0.327961074858458,3.55809499692662
86,1000,"adalasso",0.460320090124617,3.12322639489182
87,10,"adalasso",0.257034368537097,4.80499760073074
87,20,"adalasso",-0.00309172979280614,6.56931813271969
87,50,"adalasso",-1.35979563991323,5.62404478109026
87,100,"adalasso",-0.749935341480732,6.27511144258822
87,250,"adalasso",0.0390278340922385,4.25679360638217
87,500,"adalasso",0.395940374320564,3.96729982789877
87,1000,"adalasso",0.554912723840254,2.96370792251243
88,10,"adalasso",-3.97901239702123,1.17715112517064
88,20,"adalasso",-1.92708413595567,7.45591416855596
88,50,"adalasso",-1.9694143214777,4.67918055237285
88,100,"adalasso",-0.666787629840167,5.173796481044
88,250,"adalasso",0.159467311347511,4.25772688940058
88,500,"adalasso",0.366477441274813,3.20560818817767
88,1000,"adalasso",0.554714311744697,3.14275497719112
89,10,"adalasso",-2.83276877540404,1.9513267221334
89,20,"adalasso",-0.158718589911817,5.21551462782362
89,50,"adalasso",0.274587527509733,4.69421808802947
89,100,"adalasso",-0.652523208337207,4.95876170746563
89,250,"adalasso",0.264329300079733,4.00838888702332
89,500,"adalasso",0.312846864656995,3.41161364996391
89,1000,"adalasso",0.526569341107142,3.04938907722857
90,10,"adalasso",-0.346578016946281,8.39468189210857
90,20,"adalasso",0.083432934143613,4.96274222016005
90,50,"adalasso",-0.521167022304002,3.55330788430517
90,100,"adalasso",0.0970723684898183,4.27477995132913
90,250,"adalasso",0.256541501949209,4.02376241660561
90,500,"adalasso",0.329328882256317,3.70029942321425
90,1000,"adalasso",0.503599786916587,3.08756723268434
91,10,"adalasso",-66.4160930201984,6.013647788092
91,20,"adalasso",-0.987187492579234,3.58653433597432
91,50,"adalasso",-0.0862046356573285,5.38301608889375
91,100,"adalasso",-0.120865054300898,4.29659491207874
91,250,"adalasso",0.0526437809642972,3.37751629348108
91,500,"adalasso",0.314305644878344,3.54300705457109
91,1000,"adalasso",0.508361590993268,3.16139004989382
92,10,"adalasso",0.0348218974260366,1.86718399867319
92,20,"adalasso",-14.061245861685,6.46927360204566
92,50,"adalasso",-0.783845180651579,5.08253846974737
92,100,"adalasso",-0.35842276010646,3.92997706247811
92,250,"adalasso",0.257903191068224,4.22258106485213
92,500,"adalasso",0.189451817924856,3.86888853929204
92,1000,"adalasso",0.392757264648581,3.01928462460511
93,10,"adalasso",-8.8845553942885,4.99181577436179
93,20,"adalasso",-0.166842445524824,2.94030547979092
93,50,"adalasso",0.193369585172527,3.56971338901367
93,100,"adalasso",0.0841234537554365,4.22389192897661
93,250,"adalasso",0.256300441667678,4.05144524346072
93,500,"adalasso",0.448069723842435,3.64956776688449
93,1000,"adalasso",0.575699985112793,2.92572805638046
94,10,"adalasso",-80.4896701663032,9.96829142503157
94,20,"adalasso",0.0686141116108887,3.56665769182308
94,50,"adalasso",-0.652369729760446,6.42787445575159
94,100,"adalasso",-0.141006503865086,5.48844525902427
94,250,"adalasso",-0.123335184972958,4.03480491115621
94,500,"adalasso",0.182089420758816,3.21924869096022
94,1000,"adalasso",0.474794677483992,2.9128272475688
95,10,"adalasso",0.677714024681483,0.576517494868844
95,20,"adalasso",-0.138592720085256,1.28611411685446
95,50,"adalasso",-0.523841700927717,5.21846859464953
95,100,"adalasso",-0.937699606184675,5.19334061299743
95,250,"adalasso",-0.214161602809603,4.19831170015519
95,500,"adalasso",0.304222746032177,3.7045438694033
95,1000,"adalasso",0.524414534377719,3.25327984173442
96,10,"adalasso",-1.10726794348051,3.98923858358941
96,20,"adalasso",-0.0225118153073787,3.36606247082621
96,50,"adalasso",-0.228919202377362,4.13843708448901
96,100,"adalasso",-0.358249342561469,5.1820269207899
96,250,"adalasso",0.0058027503165613,4.40316684859495
96,500,"adalasso",0.543161305703024,3.36827403779379
96,1000,"adalasso",0.454930642640504,2.91060838525898
97,10,"adalasso",-27.0684124397287,2.25281260591805
97,20,"adalasso",-0.898538960517486,4.19221490129128
97,50,"adalasso",-0.175686843307856,3.17940100586959
97,100,"adalasso",-0.223577488259033,5.49393689075372
97,250,"adalasso",0.0471788564363188,4.17527871538605
97,500,"adalasso",0.306633074130685,3.44644626542772
97,1000,"adalasso",0.521606753201373,2.97953778522044
98,10,"adalasso",-0.817487561550591,4.20477111880752
98,20,"adalasso",-1.71875477411598,5.12439990358697
98,50,"adalasso",-0.220929973074183,4.30490023087905
98,100,"adalasso",-0.0892466873331959,5.36909945381052
98,250,"adalasso",0.0666780340460631,4.28135444582547
98,500,"adalasso",0.262453618725505,3.24678494897313
98,1000,"adalasso",0.469087014686316,3.13628368181993
99,10,"adalasso",-0.0371334081285697,3.52422036345761
99,20,"adalasso",-0.942918796056255,4.55984605067405
99,50,"adalasso",0.00479507753955211,6.19766139711853
99,100,"adalasso",-0.00515992428603651,4.21056542062138
99,250,"adalasso",0.130584669071278,4.17388776147031
99,500,"adalasso",0.324668011888565,3.61930134438319
99,1000,"adalasso",0.523755464074172,2.95707748327477
100,10,"adalasso",-2.11754025770219,5.23639820771145
100,20,"adalasso",-0.00385137232619392,2.83734073111005
100,50,"adalasso",-0.116146732562171,4.81702288314788
100,100,"adalasso",0.185979584581749,3.34073508272427
100,250,"adalasso",-0.241548972572157,4.84384484420878
100,500,"adalasso",0.142216367628486,3.38865008555414
100,1000,"adalasso",0.506915303799564,2.90339256247804
1,10,"scad",-464.97849927823,4.57163758592182
1,20,"scad",-0.882572877101711,3.12877697214914
1,50,"scad",-0.1537581142461,3.41649571915381
1,100,"scad",-0.116446889550937,4.45641313889796
1,250,"scad",0.0933492305450155,3.58950191351039
1,500,"scad",0.288096276021217,3.89378646734991
1,1000,"scad",0.392104720301764,3.21251517915468
2,10,"scad",-10.732035367242,1.60402680317916
2,20,"scad",-0.0161923540681852,6.2858546658846
2,50,"scad",-1.5195829609258,3.9616079440544
2,100,"scad",0.00661959220840191,3.65917789261766
2,250,"scad",0.0202432261268439,3.7324410451228
2,500,"scad",0.137654194110929,3.42801155916196
2,1000,"scad",0.320371767387554,3.40708527673354
3,10,"scad",-63.1000910929463,2.58390752877254
3,20,"scad",-0.613218092785022,4.14454383251949
3,50,"scad",-0.188296933858869,3.14928888788687
3,100,"scad",0.135914478606688,4.21658607297913
3,250,"scad",0.16806563497961,4.69678365483057
3,500,"scad",0.205245397997862,3.71142327436176
3,1000,"scad",0.403756979376761,3.56804253312193
4,10,"scad",-7.44958821650476,5.15482673467392
4,20,"scad",-2.17676205228197,4.72366843850299
4,50,"scad",0.0219058486495789,2.82109840459622
4,100,"scad",-0.262496392149522,3.66540420098209
4,250,"scad",0.0521694950871608,4.49839723681123
4,500,"scad",0.322574198658329,3.74926250477076
4,1000,"scad",0.353689504298139,3.24959196420816
5,10,"scad",-1.09791072655179,4.81097413052567
5,20,"scad",-0.00882435690039318,1.84023332376976
5,50,"scad",-0.936199276053117,6.3613141014251
5,100,"scad",-0.0839707210918554,3.89177977406852
5,250,"scad",-0.0469736010746182,4.36436560149229
5,500,"scad",0.254575007224015,3.90182622420246
5,1000,"scad",0.411526117895162,3.25866524708506
6,10,"scad",-0.341649178051904,2.69643994535019
6,20,"scad",-0.822914337667747,2.30279179577922
6,50,"scad",-0.398660683924823,3.35781734657907
6,100,"scad",-0.0492474746038489,3.94168481666754
6,250,"scad",0.192852435657017,4.41188574154088
6,500,"scad",0.259713090001679,3.79225576210383
6,1000,"scad",0.371385173471527,3.5856928622659
7,10,"scad",-1.17292120326711,6.33211736554582
7,20,"scad",-2.60265303082928,2.94772431231018
7,50,"scad",-0.289473235091277,3.97478972124072
7,100,"scad",0.389092860457326,3.63499265607493
7,250,"scad",0.0958946986841556,3.78051655513653
7,500,"scad",0.248579247787285,3.78762737763071
7,1000,"scad",0.487975058781463,3.0841626808269
8,10,"scad",-4.66104273246826,4.42149652313476
8,20,"scad",-0.432427937098669,6.03173757831316
8,50,"scad",-0.111243530776607,4.05430473844614
8,100,"scad",-0.00829606527596649,4.05244218268661
8,250,"scad",0.0584794047554047,4.28781223615678
8,500,"scad",0.299687433170724,3.47823119990286
8,1000,"scad",0.354427612988058,3.46954014056339
9,10,"scad",-2.35301221071601,10.2613356917411
9,20,"scad",-0.209404896397855,8.34692756608685
9,50,"scad",-0.0144657788849811,4.56501837523307
9,100,"scad",0.00106477058302046,5.66850867623013
9,250,"scad",0.153515343323466,4.22519996220722
9,500,"scad",0.20403698492256,3.83498801079603
9,1000,"scad",0.343053130849495,3.48425330512488
10,10,"scad",-3.86508184539033,2.65967691129477
10,20,"scad",-0.00199856959189626,6.44957509257974
10,50,"scad",-0.0496844299506736,4.58710119957762
10,100,"scad",0.0154410994074964,3.72126654927799
10,250,"scad",-0.0588592582654837,4.84113688847143
10,500,"scad",0.282257750141984,4.03940745124765
10,1000,"scad",0.375415533612962,3.1527103718077
11,10,"scad",-0.389572974577203,3.02048392030762
11,20,"scad",-2.89959870485023,5.29599747482991
11,50,"scad",0.298827286131566,4.36583180453309
11,100,"scad",0.118192239043156,4.38436299104677
11,250,"scad",0.149194073425658,3.73831683961525
11,500,"scad",0.20701273393579,3.80225552881649
11,1000,"scad",0.325726156414677,3.84415677482418
12,10,"scad",-1.93624810754109,2.82093563314963
12,20,"scad",0.330913620372221,1.24280918566505
12,50,"scad",0.14635244326855,3.34834858531028
12,100,"scad",-0.0481360405494804,4.88097871849273
12,250,"scad",0.135970156682413,4.12716702898142
12,500,"scad",0.180155819972816,4.14694708720589
12,1000,"scad",0.399667194361194,3.36058045093934
13,10,"scad",-4.97614600265707,9.49059032065727
13,20,"scad",-0.00541819454692249,2.89226312882302
13,50,"scad",-0.181958828170712,3.44412020994617
13,100,"scad",0.0373147464495891,4.19316105878261
13,250,"scad",0.13509279664554,4.34231342247687
13,500,"scad",0.221468834141003,4.52783857250331
13,1000,"scad",0.565802356096096,3.20738512436237
14,10,"scad",-24.149305791065,5.26958129761722
14,20,"scad",0.373450517134927,2.11735319138549
14,50,"scad",-0.469987247348693,6.36186675992522
14,100,"scad",-0.173603165763953,4.53385311153507
14,250,"scad",0.0538426333456337,4.3553581288298
14,500,"scad",0.144138314389467,4.05169915106714
14,1000,"scad",0.337915442742775,3.33473117538153
15,10,"scad",-27.4492797702087,4.74502762005449
15,20,"scad",-0.221483072364126,1.53059411249689
15,50,"scad",-0.0331011487039596,4.58878847490108
15,100,"scad",-0.00691151765655773,4.70182393872501
15,250,"scad",0.0899053510097809,3.91038207601285
15,500,"scad",0.237237266887415,3.79496572389022
15,1000,"scad",0.449437950880608,3.3458648718344
16,10,"scad",-4.49056860136346,9.10026813787342
16,20,"scad",-0.391436283062648,5.08710991195937
16,50,"scad",0.0693978674869434,2.79471199332265
16,100,"scad",0.0490489594490343,4.27425168202418
16,250,"scad",0.0755056058669702,4.05963690549826
16,500,"scad",0.348131935609593,3.34354961862659
16,1000,"scad",0.437508276104236,3.13770250372951
17,10,"scad",-22.1694460686161,1.63953882993269
17,20,"scad",-1.62086998785291,5.99943474689623
17,50,"scad",-0.0858875739002944,4.82196899268654
17,100,"scad",0.0624991504064411,4.35300121113836
17,250,"scad",0.00122494494587777,4.28413218208224
17,500,"scad",0.142477604646142,4.33683690090388
17,1000,"scad",0.394492011483393,3.72021224189367
18,10,"scad",-2.19305056696923,3.76345582182132
18,20,"scad",-0.107548488279391,4.10907623806063
18,50,"scad",-0.79294406879619,4.74752534820091
18,100,"scad",-0.0312160075399313,3.93430896860633
18,250,"scad",0.264065283943573,4.07707019612583
18,500,"scad",0.19948652477536,3.67853702308248
18,1000,"scad",0.404950633676943,3.37836650196977
19,10,"scad",-5.20636435235213,9.09150986307782
19,20,"scad",-0.120432330212745,6.46812533362026
19,50,"scad",-0.0505115791847459,4.66898204965481
19,100,"scad",-0.0142234703522881,4.5220669343227
19,250,"scad",0.0388609877488796,4.54828577607902
19,500,"scad",0.194466506052875,3.91227583480614
19,1000,"scad",0.244049325203306,3.4868147692298
20,10,"scad",-15.0689594741023,6.64804329785709
20,20,"scad",-0.440581532513888,3.36718319399106
20,50,"scad",-0.0233667662318184,3.216860290895
20,100,"scad",-0.011016993579176,4.35815221926203
20,250,"scad",0.180450265624828,4.07632757641554
20,500,"scad",0.10833656013894,3.73277190566445
20,1000,"scad",0.297919146032334,3.54790284174553
21,10,"scad",-2.04051553989329,2.56682153556082
21,20,"scad",-4.92160169451919,3.5712165385201
21,50,"scad",-0.192305832770742,3.92479634066354
21,100,"scad",-0.00638908407686412,3.92671108874326
21,250,"scad",0.0633999320486409,4.47083320810816
21,500,"scad",0.277976862668398,4.01825466880344
21,1000,"scad",0.303085022569134,3.75694621579957
22,10,"scad",-0.0125604624674489,2.05761376192529
22,20,"scad",-0.213034212043023,5.29040992698726
22,50,"scad",-0.225771587787644,4.6269840773174
22,100,"scad",-0.340993503516067,4.38459710212906
22,250,"scad",0.056498140439594,4.58001014552781
22,500,"scad",0.215388939818654,3.80121654383218
22,1000,"scad",0.306814131099091,3.65551387854796
23,10,"scad",-0.462754926653056,0.744957603638392
23,20,"scad",-0.247692651841498,4.41401716756873
23,50,"scad",-0.240839842457838,4.14606809537729
23,100,"scad",-0.0772558693757852,3.19446260418011
23,250,"scad",0.105502694366067,3.69430236338437
23,500,"scad",0.234223571621736,3.66889172415451
23,1000,"scad",0.440735883719415,3.24142341913425
24,10,"scad",-4358.48738438545,4.31637821246352
24,20,"scad",-0.681889236835364,6.34893206074309
24,50,"scad",-0.195194915310936,2.90042985025074
24,100,"scad",-0.000201913817885258,3.88244358458731
24,250,"scad",-0.032847314879102,3.87265527803278
24,500,"scad",0.205730123653747,3.97268590548283
24,1000,"scad",0.286626957480361,3.63875224561023
25,10,"scad",0.00903598992613874,6.18312119439646
25,20,"scad",-0.185114311573384,6.3824022041356
25,50,"scad",-0.24331233214927,5.76306853143222
25,100,"scad",-0.204704917074642,5.00761291192681
25,250,"scad",-0.00528398070419533,4.48951121516951
25,500,"scad",0.0998903512227979,3.91522884249404
25,1000,"scad",0.316280822391221,3.69166749622944
26,10,"scad",-9.76891494459001,9.20766498117155
26,20,"scad",-0.0428793947471771,4.89194858420086
26,50,"scad",-0.0231073725358857,4.04051749207956
26,100,"scad",-0.000329676676456225,6.76526040872155
26,250,"scad",0.021942483849024,4.18708620453619
26,500,"scad",0.151795810154852,4.48673784530168
26,1000,"scad",0.362913218713913,3.48048959280488
27,10,"scad",-0.620503927960452,6.66231400565519
27,20,"scad",-6.38416873633537,5.91049419823857
27,50,"scad",0.0857526817214664,4.96456262784411
27,100,"scad",-0.0199063775355699,4.95396402283224
27,250,"scad",-0.0399214462709476,4.22490655160058
27,500,"scad",0.179381126803422,4.10561168785936
27,1000,"scad",0.408962242213667,3.34962478201384
28,10,"scad",-1.32568821574409,5.17850284559858
28,20,"scad",-2.38402903729979,4.40983520046255
28,50,"scad",-0.00229252185960505,5.5101264946459
28,100,"scad",-0.112655706630039,4.37217973525838
28,250,"scad",0.105908870907563,3.84956797594115
28,500,"scad",0.224331266230766,3.65627308265807
28,1000,"scad",0.346606032710571,3.28955803315285
29,10,"scad",-0.7050953883959,3.94588230648535
29,20,"scad",-3.46050542700269,4.73475192326018
29,50,"scad",-0.0503724763211699,5.57597923427614
29,100,"scad",0.0878815461380891,4.4158296929808
29,250,"scad",0.0332144089889407,4.62707594854643
29,500,"scad",0.242332050331513,3.90675191514211
29,1000,"scad",0.553701190534048,3.03300745909561
30,10,"scad",-5.01057550505732,9.14157874420888
30,20,"scad",-1.24764117417106,2.89772439013185
30,50,"scad",-0.0860359325503657,4.63859104993421
30,100,"scad",-0.240217312900649,4.4612885878221
30,250,"scad",0.123615935982553,4.00134379955397
30,500,"scad",0.14031374085387,3.82516183717387
30,1000,"scad",0.425944734220887,3.25815984134637
31,10,"scad",-0.00360817349081688,1.38272675904023
31,20,"scad",-0.208405280858754,7.61368428012938
31,50,"scad",-0.0261446094422666,4.17516283269688
31,100,"scad",-0.00517338484182428,5.2659495060159
31,250,"scad",0.222112661309822,3.41158397214331
31,500,"scad",0.254884531438113,3.62722880594375
31,1000,"scad",0.464133862053499,3.30438412901329
32,10,"scad",-15.2193257812318,9.00008121280255
32,20,"scad",-2.92516120735088,7.42008883609424
32,50,"scad",0.163934174475362,4.42682706350249
32,100,"scad",0.0430944696280647,4.86895895759144
32,250,"scad",0.247886536760032,4.02248172125404
32,500,"scad",0.230405685270624,3.92478219001087
32,1000,"scad",0.411787200723396,3.24513200524421
33,10,"scad",-1.18738368995415,2.06664253869945
33,20,"scad",-1.74997248793719,3.62966296825744
33,50,"scad",-0.235538008116016,3.74498821708744
33,100,"scad",-0.293890617118115,4.32532146861491
33,250,"scad",0.16924579006805,4.14263982343637
33,500,"scad",0.396239023880787,3.23558937393431
33,1000,"scad",0.389055582099116,3.37406137041658
34,10,"scad",-54.8302727812234,1.34700263644478
34,20,"scad",-0.428072542681553,3.62157393858867
34,50,"scad",-0.144401205703937,4.94529163488426
34,100,"scad",-0.0224842407985288,4.32026532790981
34,250,"scad",0.13311117440777,4.38076888063639
34,500,"scad",0.202094394227068,3.53196349131638
34,1000,"scad",0.379094921094373,3.09634264243551
35,10,"scad",-9539.06072990437,3.17684216021095
35,20,"scad",-1.04509872269555,3.2379105582757
35,50,"scad",-0.36957661495601,2.96540444660334
35,100,"scad",0.18007792617531,4.42620783851845
35,250,"scad",0.229694967085002,3.41497974317535
35,500,"scad",0.243970974920147,3.79004578467661
35,1000,"scad",0.396200977601575,3.67561121341119
36,10,"scad",-0.761945669367487,2.29576435452758
36,20,"scad",-0.130049531086737,1.91884302610909
36,50,"scad",-0.0584933648470183,2.35978398325628
36,100,"scad",-0.0662377140551864,3.8690099332091
36,250,"scad",0.252408875587344,3.96998771020341
36,500,"scad",0.192940862699292,3.80541525732372
36,1000,"scad",0.461602352127225,3.29607726690058
37,10,"scad",-13322.3574631083,2.72366225990739
37,20,"scad",-0.0150838297101792,4.81138164088436
37,50,"scad",-0.0201352431227386,5.27956227089058
37,100,"scad",-0.188118626665936,4.81896977833167
37,250,"scad",0.159035618314999,3.79311580409612
37,500,"scad",0.292263965425695,3.66382283335516
37,1000,"scad",0.348152623423068,3.48412010702041
38,10,"scad",-9.4001124315614,1.6257321955609
38,20,"scad",-0.0229884809528995,3.61200174026684
38,50,"scad",-9.99940055002035e-06,5.76283084824796
38,100,"scad",-0.107307228348126,4.10412238024629
38,250,"scad",0.108638079381576,4.04964145864421
38,500,"scad",0.264093024015988,3.73448754695644
38,1000,"scad",0.352814727707114,3.5034072769043
39,10,"scad",-35.0135416175723,7.94277631254364
39,20,"scad",-2.85091614643369,4.35384768125219
39,50,"scad",-0.118228648661001,4.44759096679317
39,100,"scad",-0.00210539951970756,4.19093082649088
39,250,"scad",0.0665207912578066,4.17427472930381
39,500,"scad",0.256648739738884,4.15558528896201
39,1000,"scad",0.452912757747354,3.47912161045654
40,10,"scad",-0.239169294307589,3.89708030077122
40,20,"scad",-0.198962319364152,4.24642064209154
40,50,"scad",0.0331543998356942,6.76911040133123
40,100,"scad",0.0346364787511256,5.38598125778934
40,250,"scad",0.154922474961219,4.68764499911531
40,500,"scad",0.218287943038575,4.02988531281627
40,1000,"scad",0.464627020731108,3.3945329481707
41,10,"scad",-1013.71889995142,4.7331939158995
41,20,"scad",-8.63786396403354,3.34396200799968
41,50,"scad",-5.17045479497824e-06,3.25607821420694
41,100,"scad",-0.456825509522548,4.89065007692024
41,250,"scad",-0.00176586565578019,5.03880934247955
41,500,"scad",0.141889888219375,3.93679376150344
41,1000,"scad",0.456827461731524,3.08150306514893
42,10,"scad",-397.724767037128,5.27250099993433
42,20,"scad",-0.118902752342322,4.62369243731189
42,50,"scad",-0.354876784815146,4.35285651400739
42,100,"scad",0.0273381006309762,4.6230035663314
42,250,"scad",-0.133003844062383,4.345360593093
42,500,"scad",0.235540411007102,3.91953900137282
42,1000,"scad",0.435710348076272,3.33439435042981
43,10,"scad",-0.0132430627503586,2.50214709008742
43,20,"scad",-1.51142665217459,5.06406468064651
43,50,"scad",0.151671639526747,3.02780093271205
43,100,"scad",-0.0314409921268575,3.77308341105634
43,250,"scad",0.141110071949014,3.56459665787117
43,500,"scad",0.285679496070929,3.4544048943208
43,1000,"scad",0.291526458673934,3.22385395826926
44,10,"scad",-18.03081702662,9.64174259044325
44,20,"scad",-0.12104267511328,4.64898640990489
44,50,"scad",-0.130570723964196,4.71020018942222
44,100,"scad",-0.0567614410916626,4.23997781456864
44,250,"scad",-0.0310250112293986,4.19840012548056
44,500,"scad",0.238653500766424,3.79963950320017
44,1000,"scad",0.544361161476379,3.12722390088634
45,10,"scad",-12.3583244582315,8.59891682388565
45,20,"scad",-1.15755949231472,5.11204576694415
45,50,"scad",-0.217197533807596,4.45176280399841
45,100,"scad",-0.0433866653633566,3.68900010103469
45,250,"scad",0.208964470110024,3.13259360305031
45,500,"scad",0.148443342938963,3.96059841352749
45,1000,"scad",0.374253033271181,3.27602415130264
46,10,"scad",-6.73162374990204,3.47041207994153
46,20,"scad",-1.86735678019739,5.17812185494019
46,50,"scad",-0.0653573266927145,4.30240938401125
46,100,"scad",-0.278519402357373,4.229174416967
46,250,"scad",0.131545728101768,3.75154237346691
46,500,"scad",0.142699978935743,3.42417784035725
46,1000,"scad",0.380620714975821,3.45404734400271
47,10,"scad",-3.82948774357068,6.18850324684945
47,20,"scad",-0.0863417767711441,1.2072811707988
47,50,"scad",0.00635912139312778,4.17140496665524
47,100,"scad",0.00765854952126921,3.13656861323808
47,250,"scad",0.064173923492409,4.78140161292863
47,500,"scad",0.222900925292442,3.95482119860876
47,1000,"scad",0.414853494420573,3.37182057412292
48,10,"scad",-2.34995882775042,3.92468743994345
48,20,"scad",-1.03257607564093,4.24163777857799
48,50,"scad",-0.248869192293144,5.06058702142538
48,100,"scad",-0.167815385691273,4.16570357051162
48,250,"scad",0.247050068649842,3.82903086401571
48,500,"scad",0.286515732454191,3.28154987138672
48,1000,"scad",0.408011770458393,3.20273676988701
49,10,"scad",-0.288671557165103,3.37143170367052
49,20,"scad",-0.115852343546585,6.47643299939964
49,50,"scad",-0.109954773654142,3.0241548256283
49,100,"scad",-0.0147910028347971,3.17564673843749
49,250,"scad",0.063614642261194,4.18174744747911
49,500,"scad",0.349332748998485,3.79886978850534
49,1000,"scad",0.273715940586222,3.41426331570794
50,10,"scad",-7.62366768761349,9.48614286119974
50,20,"scad",-0.0557630574070742,5.91916214310504
50,50,"scad",-2.71927716141736,5.02442467015121
50,100,"scad",0.03007167511708,5.66533602547421
50,250,"scad",0.208302551329925,4.03899308600358
50,500,"scad",0.374408587643844,3.37755205072203
50,1000,"scad",0.28539792984155,3.53590092008837
51,10,"scad",-0.575724895921528,2.66752481878165
51,20,"scad",-0.0769698138296171,3.69324252203668
51,50,"scad",-0.063922808383843,4.12314111088549
51,100,"scad",-0.0386463255432488,4.43390017498483
51,250,"scad",0.0224722351982221,4.25162744188499
51,500,"scad",0.191465200250421,4.06698678496155
51,1000,"scad",0.40006969512239,3.35914465747086
52,10,"scad",-2.15964830738479,8.74531373718127
52,20,"scad",-3.21211455062016,4.58857105488892
52,50,"scad",-8.80573479766777e-05,5.31885424852838
52,100,"scad",-0.122206540074856,4.64976649846103
52,250,"scad",0.0905127090224367,5.04189184794567
52,500,"scad",0.26334523865664,4.04621176591154
52,1000,"scad",0.329474341404186,3.48868493049737
53,10,"scad",-4.15010354317367,3.50809052899569
53,20,"scad",-2.50610527295371,5.39675219794669
53,50,"scad",-0.00965507169537205,7.2662958796947
53,100,"scad",-0.068549500441623,4.69916462317909
53,250,"scad",0.203843535082259,4.40017045471607
53,500,"scad",0.198567399252466,3.78190702242928
53,1000,"scad",0.456076130843171,3.24864998940167
54,10,"scad",-9.55428660069869,6.76794398979669
54,20,"scad",-0.432281458190255,3.91330630671162
54,50,"scad",-0.432009831768373,6.17045099076818
54,100,"scad",-0.00465118683678356,5.00465331337352
54,250,"scad",0.0264326463233896,4.3328893617951
54,500,"scad",0.243881210029488,3.36215507797208
54,1000,"scad",0.352060615718575,3.52149610606056
55,10,"scad",-0.127538940560391,5.90981896652048
55,20,"scad",-0.241550077918063,5.70197400163504
55,50,"scad",-0.329478484676282,5.03083172366423
55,100,"scad",-0.0254832860552741,4.0175000379354
55,250,"scad",-0.0445968990560091,4.312696746564
55,500,"scad",0.169648409815724,4.28678016458487
55,1000,"scad",0.343609549963602,3.59370897957823
56,10,"scad",-3.08166310682598,2.09812469432967
56,20,"scad",-0.156235127393352,4.14843963411446
56,50,"scad",-0.0467653379590516,2.85507385760761
56,100,"scad",-0.0001200848394729,5.28207582488836
56,250,"scad",-0.0737410955302469,4.04774153609512
56,500,"scad",0.195983953160331,3.9149126133728
56,1000,"scad",0.458720106702995,3.21860567931127
57,10,"scad",-0.627467941267247,3.4334580370863
57,20,"scad",-0.0061221085103691,4.89474337344215
57,50,"scad",-0.102282615284227,4.65794226654575
57,100,"scad",-0.0137038868067101,4.18478600999471
57,250,"scad",0.268230032480468,3.47780429263012
57,500,"scad",0.131817285171809,3.91285706899012
57,1000,"scad",0.255532586464378,3.48384278305309
58,10,"scad",-0.176448746903688,5.56045181445204
58,20,"scad",-0.0500949578038152,5.42860530326901
58,50,"scad",-0.167123824549119,2.09063571201851
58,100,"scad",0.0524962263058147,4.3997106443234
58,250,"scad",-0.0975426296483826,3.94077438992433
58,500,"scad",0.151428497725915,4.18483576460716
58,1000,"scad",0.505046525700127,3.31735499126436
59,10,"scad",-0.0131663243603608,8.02116249866102
59,20,"scad",-0.479250449289149,5.12921611736794
59,50,"scad",-0.143491156999544,4.67872056290634
59,100,"scad",0.0499239349233992,4.52378677768059
59,250,"scad",0.199973011340763,3.93564263860437
59,500,"scad",0.388206086410291,3.47153055515663
59,1000,"scad",0.476651442313164,3.03234603148566
60,10,"scad",-0.963655466292269,2.15827489538279
60,20,"scad",-0.443559826724467,4.20810257410742
60,50,"scad",0.0568697465530423,5.30779845880917
60,100,"scad",-0.0786177676034268,4.06024521443621
60,250,"scad",0.154207865436814,4.68042981341106
60,500,"scad",0.169448637842436,3.72919098131166
60,1000,"scad",0.4765215836979,3.28186172362454
61,10,"scad",-2.23265516255018,1.81826698612055
61,20,"scad",-1.1997940313541,2.10266198037973
61,50,"scad",0.0840986786347511,4.96605043130843
61,100,"scad",-0.00659203904532046,5.04542995229057
61,250,"scad",0.0553713126453255,4.58109109903909
61,500,"scad",0.335137186837636,3.59526642304558
61,1000,"scad",0.406711933463646,3.64165363224486
62,10,"scad",-0.802642253857777,4.73042518930793
62,20,"scad",-4.02585244084894,7.32657072307457
62,50,"scad",-0.0747940970609038,3.86367206129362
62,100,"scad",-0.0833891633198902,4.68255812907501
62,250,"scad",0.0607347121608152,3.47882065230673
62,500,"scad",0.127626918056528,3.84418073524505
62,1000,"scad",0.269366312777411,3.82250867160899
63,10,"scad",-0.974400346854538,1.84757837096745
63,20,"scad",-0.762672548926265,4.11940348780992
63,50,"scad",-0.174002784017289,3.89323196042501
63,100,"scad",-0.000359867705337136,3.20025807655654
63,250,"scad",0.0689482195705516,4.41643860202031
63,500,"scad",0.16969315196674,3.91777061489315
63,1000,"scad",0.364019633255285,3.32525170643951
64,10,"scad",-2.99753641372238,3.5981637293135
64,20,"scad",-0.198399069673697,5.0277454894582
64,50,"scad",-0.910704822376061,6.05369383332664
64,100,"scad",0.0694120771560575,4.4760024480797
64,250,"scad",0.17546281742403,4.04781454654163
64,500,"scad",0.241721021321133,4.35723656238196
64,1000,"scad",0.409903993709904,3.31978100246654
65,10,"scad",-1.11883418587935,3.13968593519304
65,20,"scad",-0.775216435853627,2.38231843703837
65,50,"scad",-0.0267764809576392,4.02810942218137
65,100,"scad",0.0107680308212917,4.39634709657746
65,250,"scad",0.190862846657917,3.32684934625156
65,500,"scad",0.178812603530572,4.05595598957591
65,1000,"scad",0.381806052147283,3.35945764457474
66,10,"scad",-0.845672177712175,4.42552737875555
66,20,"scad",-0.185518343379266,3.11784938282816
66,50,"scad",-0.11632398029513,5.71120116950174
66,100,"scad",0.119325874564027,3.75318851704213
66,250,"scad",0.246424214909968,4.274451908293
66,500,"scad",0.265495021467262,4.06249248958842
66,1000,"scad",0.406078640812316,3.38686949058803
67,10,"scad",-2.36979172448444,2.40526797646621
67,20,"scad",-0.000850297949118062,4.41559888474333
67,50,"scad",0.063705786826219,4.51926825000364
67,100,"scad",-0.100603759506683,4.48215390277007
67,250,"scad",0.189117612053579,3.69980029067106
67,500,"scad",0.118335176629189,3.79035772334404
67,1000,"scad",0.340398397735439,3.41361142189988
68,10,"scad",-30.9822040837689,5.04509061984205
68,20,"scad",-0.49414468600187,4.70456144943468
68,50,"scad",-0.209853154190865,3.95007271232917
68,100,"scad",-0.121798221340941,4.10328731074677
68,250,"scad",0.0519088545394931,4.50639504312737
68,500,"scad",0.234766895952794,3.80574684192094
68,1000,"scad",0.306751634288309,3.54377841689838
69,10,"scad",-4.18315464329771,7.2212216886318
69,20,"scad",-1.04084711288674,4.53297944800132
69,50,"scad",-0.00870317698258383,2.78967533008257
69,100,"scad",-2.99643710577335e-06,4.61477578469693
69,250,"scad",0.0899302489896076,4.11233572261906
69,500,"scad",0.220361411278232,3.55328484165784
69,1000,"scad",0.361780301790525,3.54408250632374
70,10,"scad",-12.3871558794182,0.927589871354037
70,20,"scad",-0.178075264912168,2.13117278694924
70,50,"scad",-0.0369315298105362,5.61196266287605
70,100,"scad",-0.00231351977185534,5.00059999636783
70,250,"scad",0.108317544171491,4.0091251020368
70,500,"scad",0.168051235184818,3.76989637754687
70,1000,"scad",0.231861378827922,3.76395719260591
71,10,"scad",-7.22943965037488,3.98038535770533
71,20,"scad",-0.626469411722866,3.30252775958464
71,50,"scad",-0.0683036457549413,5.50865541959287
71,100,"scad",-0.168788480002369,4.58667320580864
71,250,"scad",0.233619400640043,4.03348833956099
71,500,"scad",0.297558366085537,3.71936499763354
71,1000,"scad",0.361270772181618,3.67867558358634
72,10,"scad",-0.0478220028656795,1.79642929806791
72,20,"scad",-0.212076684774353,3.37367857285391
72,50,"scad",-0.847315863290941,5.13120931271855
72,100,"scad",-0.251999939814467,4.60554388731973
72,250,"scad",-0.00707478450262355,4.67432426896845
72,500,"scad",0.184068416144487,4.24941727843532
72,1000,"scad",0.321002275567735,3.72584499626543
73,10,"scad",-0.330892062277968,5.16744593847701
73,20,"scad",-0.934489711997163,4.38375804523851
73,50,"scad",-0.109957554325993,4.66376130352317
73,100,"scad",0.0228378525130053,3.78406620496799
73,250,"scad",0.20879288570014,4.03751798176907
73,500,"scad",0.317472821682067,3.62760406847555
73,1000,"scad",0.393347319803606,3.39536202244907
74,10,"scad",0.91626353962812,0.463401862312292
74,20,"scad",-0.0193704731791189,2.14357194084968
74,50,"scad",-0.14366487642046,2.55734325739895
74,100,"scad",-0.24779473162934,4.26570424038322
74,250,"scad",0.216593227897413,4.11013723407802
74,500,"scad",0.326996898824991,3.68678862365887
74,1000,"scad",0.550456176226817,3.11285784999032
75,10,"scad",-0.660368477541275,6.40816432207838
75,20,"scad",-0.579704084793262,2.28983743308154
75,50,"scad",0.0246580437667843,5.47833970306609
75,100,"scad",-0.438497554538178,4.24792177163047
75,250,"scad",0.179945054803187,4.89896799836575
75,500,"scad",0.226577339996338,4.23269889088479
75,1000,"scad",0.458329401258279,3.49629083370177
76,10,"scad",-2.4516209030164,1.21823965362997
76,20,"scad",0.132867092862415,3.75883964231404
76,50,"scad",0.0098727235697168,6.83888010905903
76,100,"scad",-0.00284413436556807,4.5313604310039
76,250,"scad",0.297846876240215,4.43023944312509
76,500,"scad",0.183955458127974,3.95355033466689
76,1000,"scad",0.364785594405548,3.38753458796723
77,10,"scad",-62.5911353266106,7.65048144335888
77,20,"scad",-5.85997956762755,3.38051810496929
77,50,"scad",0.0154702655847845,5.75506186408805
77,100,"scad",-0.143112866556417,4.23260839807894
77,250,"scad",0.0909102481615266,4.96030035266073
77,500,"scad",0.184113585509763,4.26248148919101
77,1000,"scad",0.40277077497473,3.29746813602782
78,10,"scad",-0.596524096670496,2.10180386340395
78,20,"scad",-9.53762299611813,5.62767188418074
78,50,"scad",-0.576732274515842,4.33188983552319
78,100,"scad",-0.124648084131255,3.64165040647298
78,250,"scad",0.000854747488743035,4.25137450626693
78,500,"scad",0.171085073434632,3.77555225401548
78,1000,"scad",0.456288865763908,3.03093390268485
79,10,"scad",-124.987810195227,3.5256389807241
79,20,"scad",-3.27628414738953,3.34188731550993
79,50,"scad",0.0582035605862783,4.12896134020407
79,100,"scad",-0.00674565700693197,4.57170866180872
79,250,"scad",0.130142084751214,3.76201012714997
79,500,"scad",0.264441851754583,4.05065709374273
79,1000,"scad",0.439007711299932,3.16161614705993
80,10,"scad",-0.167404870861417,4.73269281058116
80,20,"scad",-3.85322018852009,6.1909184283684
80,50,"scad",-0.103334616325375,3.58437428617563
80,100,"scad",-0.00917556285170917,4.16247024557054
80,250,"scad",0.14402096560696,3.98365037167384
80,500,"scad",0.31009183220361,3.21618910838315
80,1000,"scad",0.275233459522281,3.41367910118575
81,10,"scad",-0.152575039395343,3.10181660941959
81,20,"scad",-0.00447333070117906,3.92177176789309
81,50,"scad",-1.14613362130539,6.9458309040379
81,100,"scad",-0.0909784733127288,4.31760689017442
81,250,"scad",0.0116140993825651,4.2063114630117
81,500,"scad",0.251406632658153,3.76793634980264
81,1000,"scad",0.406068202521145,3.41526963435919
82,10,"scad",-0.245377697052183,4.05321295308058
82,20,"scad",-0.0171466211333946,3.43622895151812
82,50,"scad",-0.33068566374585,2.52378576880897
82,100,"scad",-0.0926035212832095,4.92343344139386
82,250,"scad",-0.159915681799421,3.60280710279047
82,500,"scad",0.205685949946525,3.30876806433188
82,1000,"scad",0.292442907309037,3.34849899711655
83,10,"scad",-1906.88302431111,2.24928441686317
83,20,"scad",-0.521818738487276,3.56159786434935
83,50,"scad",0.0214231677615314,3.8669350604432
83,100,"scad",-0.15056163380248,3.78852090110216
83,250,"scad",-0.0588447128276002,4.563616414902
83,500,"scad",0.243650025892912,3.70959021530342
83,1000,"scad",0.327870389271597,3.82359991063347
84,10,"scad",-84.7868692658385,15.7887260198918
84,20,"scad",-2.5779416347813,9.75202100043677
84,50,"scad",-0.014449235102771,4.76358572896106
84,100,"scad",-0.266536542476417,4.26660375737878
84,250,"scad",0.0236652682896071,4.2499511769733
84,500,"scad",0.258356460915676,3.64449505488867
84,1000,"scad",0.373020901684136,3.51080136389711
85,10,"scad",-168.331684031867,3.29532221575015
85,20,"scad",-0.142718709604006,3.3039057184709
85,50,"scad",-0.00519615033454102,2.63044702797782
85,100,"scad",-0.0293789887327556,3.80750757906395
85,250,"scad",0.0850220065651923,3.02527764307048
85,500,"scad",0.224388756849589,3.64247302731378
85,1000,"scad",0.408736528307946,3.31412702363771
86,10,"scad",-3.70592969098849,6.41803540738348
86,20,"scad",-0.000443043447529545,5.90279843587528
86,50,"scad",-0.119679253758717,4.61091474784526
86,100,"scad",0.153394886270348,4.72545999952803
86,250,"scad",0.0818522172182086,4.88080915423705
86,500,"scad",0.313191462468419,3.59698119506656
86,1000,"scad",0.381010663735821,3.34485213849202
87,10,"scad",-0.0613617478378552,5.74302264359614
87,20,"scad",-0.00309172979280614,6.56931813271969
87,50,"scad",0.000918481315879793,3.65941813135443
87,100,"scad",0.0196993000906328,4.69667055907252
87,250,"scad",0.0167466013799316,4.30586012122872
87,500,"scad",0.197866550582933,4.57170745907266
87,1000,"scad",0.36656921470862,3.53559405391557
88,10,"scad",-7.29425439732035,1.51932013743342
88,20,"scad",-1.33725141875678,6.66248145073153
88,50,"scad",-1.11682223002061,3.9507231549627
88,100,"scad",-0.174412926751909,4.34289788836048
88,250,"scad",0.118633886504112,4.35992150845317
88,500,"scad",0.334094045216701,3.28651671952026
88,1000,"scad",0.462391624573928,3.45321936283553
89,10,"scad",0.808628161142032,0.436026311499036
89,20,"scad",-0.175571452202432,5.25330596646435
89,50,"scad",-0.0994370832743203,5.77904324078574
89,100,"scad",-0.0265399039800467,3.90829532462749
89,250,"scad",0.203145242578856,4.17174452461091
89,500,"scad",0.154446404030002,3.78445763211029
89,1000,"scad",0.379503395029705,3.49103622767046
90,10,"scad",-0.127013086306401,7.6798539842418
90,20,"scad",0.370067229021813,4.11421226256845
90,50,"scad",0.256050712373921,2.48494084601914
90,100,"scad",0.00398569196288578,4.48972851348871
90,250,"scad",0.00372089487965688,4.65794628355595
90,500,"scad",0.204726601767302,4.02939918101973
90,1000,"scad",0.357756383337062,3.5119663161396
91,10,"scad",-66.4160930201984,6.013647788092
91,20,"scad",-0.987187492579234,3.58653433597432
91,50,"scad",-0.0389477378923531,5.26461604207887
91,100,"scad",-0.0405076786516789,4.13971449473475
91,250,"scad",-0.112913256410608,3.66076166829719
91,500,"scad",0.125600085010134,4.0009376487851
91,1000,"scad",0.397481805806457,3.49977611332985
92,10,"scad",-0.0268761705297837,1.92593854329985
92,20,"scad",-6.52401306914323,4.57245921663367
92,50,"scad",-0.47147659519234,4.61613789952704
92,100,"scad",-0.0767837475318234,3.49894234901089
92,250,"scad",0.0932560481011914,4.66756148518789
92,500,"scad",0.163431442096945,3.93049790334904
92,1000,"scad",0.177430497093011,3.51406016906641
93,10,"scad",-4.34842089644964,3.67191625532136
93,20,"scad",-0.166842445524824,2.94030547979092
93,50,"scad",-0.0305599899832318,4.03489920537972
93,100,"scad",-0.224093837308996,4.88316821212716
93,250,"scad",0.147525401652544,4.33762432120523
93,500,"scad",0.323553920928666,4.0403214126927
93,1000,"scad",0.480507824521883,3.23732974951723
94,10,"scad",-68.1674701646406,9.18375716990849
94,20,"scad",-0.0230319675027233,3.7380164279513
94,50,"scad",-0.227537593939868,5.54027307719244
94,100,"scad",-0.00116775522106205,5.14113139906732
94,250,"scad",0.014374710558976,3.77940800743404
94,500,"scad",0.131696805882342,3.31693769821526
94,1000,"scad",0.280409369176692,3.40951746339093
95,10,"scad",-3.68337928262916,2.19771540570993
95,20,"scad",-0.138592720085256,1.28611411685446
95,50,"scad",-0.631853170740033,5.4002477785211
95,100,"scad",-0.486319590628059,4.54841080900922
95,250,"scad",-0.00704669453336138,3.823501247375
95,500,"scad",0.309646990038906,3.69007539777315
95,1000,"scad",0.417997716907266,3.59889751484441
96,10,"scad",-0.903893693010205,3.7918528743287
96,20,"scad",-0.178108426492811,3.61310543839857
96,50,"scad",-0.228919202377362,4.13843708448901
96,100,"scad",-0.183531506624714,4.83726438665503
96,250,"scad",0.165506815557742,4.03404056244047
96,500,"scad",0.369617376997424,3.95665417862528
96,1000,"scad",0.210587949967362,3.50275505177366
97,10,"scad",-49.0737093777705,3.00899194464567
97,20,"scad",-0.848243313840889,4.13631259396137
97,50,"scad",-0.175686843307856,3.17940100586959
97,100,"scad",-3.33899578175423e-05,4.96678290541273
97,250,"scad",0.125994188024251,3.99886680650736
97,500,"scad",0.295315650738636,3.4744595816696
97,1000,"scad",0.393619056757891,3.35451045119678
98,10,"scad",-0.652956170887651,4.00993475123898
98,20,"scad",-0.671095322308671,4.01752518240468
98,50,"scad",-0.0363252351774273,3.96611908380453
98,100,"scad",-0.121537531492253,5.44810200754345
98,250,"scad",0.0683669506710295,4.27747897459443
98,500,"scad",0.170783168277033,3.44265030326596
98,1000,"scad",0.363735560255219,3.4333848809736
99,10,"scad",-0.3549534058245,4.0281712433686
99,20,"scad",0.0189604424881747,3.24015745430574
99,50,"scad",0.0418101380350147,6.08131323251953
99,100,"scad",0.123745921613104,3.93131517873241
99,250,"scad",0.0768343879029648,4.30097510435578
99,500,"scad",0.256202327074571,3.79833697487393
99,1000,"scad",0.486825056159596,3.06959036568565
100,10,"scad",-2.11754025770219,5.23639820771145
100,20,"scad",-0.00385137232619392,2.83734073111005
100,50,"scad",-0.0375763280516872,4.64438368481828
100,100,"scad",-0.00680167693777944,3.71532110377934
100,250,"scad",0.0750199003127004,4.18094534957218
100,500,"scad",0.173753912832108,3.32577263820688
100,1000,"scad",0.36696126582308,3.28972912910193
1,10,"mcp",-542.522935754654,4.93739409270598
1,20,"mcp",-1.30802635304786,3.46432868228984
1,50,"mcp",-0.00520833362376227,3.18897810098847
1,100,"mcp",-0.129589145399669,4.48256573644015
1,250,"mcp",0.0592588106959702,3.65636254711444
1,500,"mcp",0.18898135070313,4.15601321176923
1,1000,"mcp",0.371919537334041,3.26541546299515
2,10,"mcp",-2.05016634391827,0.817874563676762
2,20,"mcp",-0.0161923540681852,6.2858546658846
2,50,"mcp",-1.3128897353108,3.79563661004071
2,100,"mcp",-0.0753257998805239,3.8071129453847
2,250,"mcp",-0.020904839334092,3.81001293841188
2,500,"mcp",0.109767299072831,3.48299877360972
2,1000,"mcp",0.312253437219866,3.42737411304776
3,10,"mcp",-34.5051508239905,1.92306217135144
3,20,"mcp",-0.505962081177183,4.00439779385981
3,50,"mcp",-0.188296933858869,3.14928888788687
3,100,"mcp",-0.0399107325777821,4.62573379561713
3,250,"mcp",0.141926424656493,4.76999899839634
3,500,"mcp",0.159441788181334,3.81687431038892
3,1000,"mcp",0.410939882496234,3.5464854172501
4,10,"mcp",-7.23022105738477,5.08747221189769
4,20,"mcp",-2.00143528304729,4.59146792582961
4,50,"mcp",-0.0287060772217276,2.89316736157032
4,100,"mcp",-0.04213012948588,3.33018052331253
4,250,"mcp",0.0185280778121168,4.57753214473404
4,500,"mcp",0.0847339091285126,4.35801447229114
4,1000,"mcp",0.299593161585754,3.38285526230319
5,10,"mcp",-1.09791072655179,4.81097413052567
5,20,"mcp",-0.00882435690039318,1.84023332376976
5,50,"mcp",-0.940666294939039,6.36864798996364
5,100,"mcp",-0.142542013621542,3.99554080464371
5,250,"mcp",-0.150562941992373,4.57518278527984
5,500,"mcp",0.191181300359635,4.06435411903266
5,1000,"mcp",0.376458324031524,3.35435401501261
6,10,"mcp",-0.341649178051904,2.69643994535019
6,20,"mcp",-0.822914337667747,2.30279179577922
6,50,"mcp",-0.398660683924823,3.35781734657907
6,100,"mcp",-0.139266741917448,4.10729255407601
6,250,"mcp",0.178246281951795,4.45162553791742
6,500,"mcp",0.223448962953195,3.8840300995674
6,1000,"mcp",0.35640944624206,3.62815311831634
7,10,"mcp",-0.972889916619968,6.03362609818512
7,20,"mcp",-1.14546346391536,2.27476326498014
7,50,"mcp",-0.547026849638334,4.35368413844072
7,100,"mcp",0.347090652184579,3.75787543989355
7,250,"mcp",0.106731853162612,3.75779046550193
7,500,"mcp",0.211680436951371,3.8795093838303
7,1000,"mcp",0.468518005231618,3.14221572553037
8,10,"mcp",-5.25021055024171,4.64588435386457
8,20,"mcp",-0.432427937098669,6.03173757831316
8,50,"mcp",-0.157569784997498,4.13795112993047
8,100,"mcp",-0.00829606527596649,4.05244218268661
8,250,"mcp",-0.0251796439833178,4.47425605192415
8,500,"mcp",0.276114309969954,3.53628681943572
8,1000,"mcp",0.343157021426328,3.49969521930146
9,10,"mcp",-2.35301221071601,10.2613356917411
9,20,"mcp",-0.209404896397855,8.34692756608685
9,50,"mcp",-0.0800384523417184,4.71024435952567
9,100,"mcp",0.00105570627613882,5.66853439410659
9,250,"mcp",0.100244311156677,4.35612188199764
9,500,"mcp",0.165084965166629,3.92770360393868
9,1000,"mcp",0.279274162903804,3.64946869534892
10,10,"mcp",-3.86508184539033,2.65967691129477
10,20,"mcp",-0.00199856959189626,6.44957509257974
10,50,"mcp",-0.0496844299506736,4.58710119957762
10,100,"mcp",0.0246046069164485,3.70390874109377
10,250,"mcp",-0.049180967573087,4.81896137903773
10,500,"mcp",0.22149196390265,4.20692680913469
10,1000,"mcp",0.360139255326198,3.19103244232135
11,10,"mcp",-0.389572974577203,3.02048392030762
11,20,"mcp",-0.0862274100296794,2.79510540127346
11,50,"mcp",-0.0108722546557298,5.24206781594591
11,100,"mcp",-0.0565456940793534,4.79914295759287
11,250,"mcp",0.123299150956222,3.79477968890958
11,500,"mcp",0.105351920410591,4.03863226329576
11,1000,"mcp",0.391599923763857,3.65155262973678
12,10,"mcp",-8.89234197363798,5.17781301054275
12,20,"mcp",0.361767917433144,1.21381549064023
12,50,"mcp",0.0598588870812327,3.51388776883307
12,100,"mcp",-0.0756867890675339,4.94471203007566
12,250,"mcp",0.108496880610181,4.19226866889244
12,500,"mcp",0.143472213058717,4.23870862297618
12,1000,"mcp",0.343877174159987,3.51326437457829
13,10,"mcp",-6.09707203638151,10.3424215129924
13,20,"mcp",-0.00541819454692249,2.89226312882302
13,50,"mcp",-0.13570050600496,3.37605129398656
13,100,"mcp",0.0704065207340966,4.12046204997114
13,250,"mcp",0.0560520273588593,4.53639057032466
13,500,"mcp",0.196801253489415,4.59901095976374
13,1000,"mcp",0.531834383103704,3.33048235344941
14,10,"mcp",-19.2443914898231,4.72786940629489
14,20,"mcp",0.486970511728697,1.91596152735648
14,50,"mcp",-0.388386454957647,6.1827682730857
14,100,"mcp",-0.156597232036474,4.50088466001862
14,250,"mcp",0.0213607517033958,4.42948768573813
14,500,"mcp",0.08164440651572,4.19701803876973
14,1000,"mcp",0.345538533196982,3.31547792880649
15,10,"mcp",-27.4492797702087,4.74502762005449
15,20,"mcp",-0.89228963345707,1.90506639911201
15,50,"mcp",0.0452454787930112,4.41135977229983
15,100,"mcp",-0.00691151765655773,4.70182393872501
15,250,"mcp",-0.0153852183020531,4.13039257663285
15,500,"mcp",0.223354282958153,3.82934592635786
15,1000,"mcp",0.40134604172727,3.48893750791259
16,10,"mcp",-0.00531219531833838,3.89400050334518
16,20,"mcp",-0.391436283062648,5.08710991195937
16,50,"mcp",0.0297216711159465,2.85366640658568
16,100,"mcp",-0.00578180126902872,4.39574913053057
16,250,"mcp",0.0606983971898208,4.0920184447641
16,500,"mcp",0.277005660040339,3.52123790874536
16,1000,"mcp",0.422748122132202,3.17860361517056
17,10,"mcp",-22.1694460686161,1.63953882993269
17,20,"mcp",-1.62086998785291,5.99943474689623
17,50,"mcp",-0.144060878687606,4.94944553127331
17,100,"mcp",0.00518779780853718,4.48408157576213
17,250,"mcp",0.00673500475353783,4.2722984504518
17,500,"mcp",0.0536794240423963,4.55585082851049
17,1000,"mcp",0.416362431294654,3.65240895354286
18,10,"mcp",-2.19305056696923,3.76345582182132
18,20,"mcp",-0.107548488279391,4.10907623806063
18,50,"mcp",-0.959404488035847,4.96301937366166
18,100,"mcp",-0.0497998380098041,3.96960131335325
18,250,"mcp",0.265521498881298,4.07303449141322
18,500,"mcp",0.123770915338799,3.84857221634348
18,1000,"mcp",0.375718345024498,3.46035416002708
19,10,"mcp",-5.20636435235213,9.09150986307782
19,20,"mcp",-0.120432330212745,6.46812533362026
19,50,"mcp",-0.0505115791847459,4.66898204965481
19,100,"mcp",-0.0102457780339742,4.51319065491732
19,250,"mcp",0.024377144246247,4.58242773146761
19,500,"mcp",0.133050499568973,4.05867770574924
19,1000,"mcp",0.240293931894298,3.4954648962141
20,10,"mcp",-15.0689594741023,6.64804329785709
20,20,"mcp",-0.114494325144178,2.96167060089053
20,50,"mcp",-0.0233667662318184,3.216860290895
20,100,"mcp",0.00126554394860179,4.33159839225892
20,250,"mcp",-0.123286659093168,4.77228883182077
20,500,"mcp",0.0699544453797097,3.81226501343718
20,1000,"mcp",0.293548322873475,3.55892948878019
21,10,"mcp",-2.04051553989329,2.56682153556082
21,20,"mcp",-4.92160169451919,3.5712165385201
21,50,"mcp",-0.193398636109634,3.92659455723859
21,100,"mcp",-0.0204238183184717,3.95399652855463
21,250,"mcp",0.052464572068986,4.49685727849076
21,500,"mcp",0.245705100095281,4.1070736057247
21,1000,"mcp",0.270472391171307,3.84384569160465
22,10,"mcp",-0.0125604624674489,2.05761376192529
22,20,"mcp",-0.213034212043023,5.29040992698726
22,50,"mcp",-0.225771587787644,4.6269840773174
22,100,"mcp",-0.15685759668987,4.07245512014189
22,250,"mcp",-0.0493402054535041,4.83006768190727
22,500,"mcp",0.100099276119301,4.07092122357297
22,1000,"mcp",0.320494502179184,3.61926242643354
23,10,"mcp",-0.462754926653056,0.744957603638392
23,20,"mcp",-0.247692651841498,4.41401716756873
23,50,"mcp",-0.699103443637063,4.85163897002604
23,100,"mcp",-0.169495444937916,3.3284163082718
23,250,"mcp",0.0884099045753625,3.72943221813572
23,500,"mcp",0.203897033645265,3.74083470974734
23,1000,"mcp",0.371877231386146,3.43518045624637
24,10,"mcp",-3337.52644535817,3.77728008975441
24,20,"mcp",-0.681889236835364,6.34893206074309
24,50,"mcp",-0.125192742549407,2.81420972066339
24,100,"mcp",-0.000201913817885258,3.88244358458731
24,250,"mcp",-0.00815972449658542,3.82609236154478
24,500,"mcp",0.108113938992017,4.20973610332865
24,1000,"mcp",0.271633349679066,3.67679287835247
25,10,"mcp",-7.75687864476016e-05,6.21148815390305
25,20,"mcp",-0.185114311573384,6.3824022041356
25,50,"mcp",-0.227860065092301,5.7271439702996
25,100,"mcp",-0.166928783648902,4.92847531054052
25,250,"mcp",-0.0419380113077872,4.57062531545388
25,500,"mcp",0.0551584584654758,4.01133499670787
25,1000,"mcp",0.256634901495821,3.84932677350443
26,10,"mcp",-7.50857881402423,8.18449803581834
26,20,"mcp",-0.0401792758220745,4.88561160800836
26,50,"mcp",-0.502571414571519,4.8965923004397
26,100,"mcp",-0.000329676676456225,6.76526040872155
26,250,"mcp",-0.018992482667245,4.27380984294706
26,500,"mcp",0.0638190939347409,4.71368305914373
26,1000,"mcp",0.327377452601326,3.57624079658822
27,10,"mcp",0.0691217459408264,5.04947813890118
27,20,"mcp",-5.69984068621933,5.62995893574507
27,50,"mcp",0.0039376561392872,5.18194032158724
27,100,"mcp",0.00899966972659927,4.88325714481096
27,250,"mcp",-0.0625243460209484,4.27057432865539
27,500,"mcp",0.139958009746502,4.2030731483161
27,1000,"mcp",0.383745271941142,3.42033527996721
28,10,"mcp",-1.29429152627553,5.14342928923407
28,20,"mcp",-2.38402903729979,4.40983520046255
28,50,"mcp",-0.00229252185960505,5.5101264946459
28,100,"mcp",-0.0509907785833246,4.24929673794493
28,250,"mcp",0.0201159074615405,4.03003161883945
28,500,"mcp",0.177264813859873,3.76556820143608
28,1000,"mcp",0.3204810116371,3.35467761557324
29,10,"mcp",-0.7050953883959,3.94588230648535
29,20,"mcp",-1.60908098688719,3.62117049459056
29,50,"mcp",-0.0503724763211699,5.57597923427614
29,100,"mcp",-0.00184510350999312,4.62793216122779
29,250,"mcp",0.0541070272781488,4.57680641009891
29,500,"mcp",0.193812551847556,4.02990113322983
29,1000,"mcp",0.533977036912083,3.09930468429603
30,10,"mcp",-5.01057550505732,9.14157874420888
30,20,"mcp",-7.85864716360492,5.75277367971027
30,50,"mcp",-0.0860359325503657,4.63859104993421
30,100,"mcp",-0.167000596402764,4.32759849999815
30,250,"mcp",-0.014888644114154,4.30593855903346
30,500,"mcp",0.0965009363917397,3.92142284927996
30,1000,"mcp",0.389069230520937,3.36117816318832
31,10,"mcp",-0.00360817349081688,1.38272675904023
31,20,"mcp",-0.144981893212631,7.41118860976396
31,50,"mcp",-0.0782714577415164,4.27989572926763
31,100,"mcp",-0.00517338484182428,5.2659495060159
31,250,"mcp",0.0061348363853182,3.85621685147784
31,500,"mcp",0.184599086017375,3.79444934112234
31,1000,"mcp",0.38780686990907,3.53188534160069
32,10,"mcp",-15.2193257812318,9.00008121280255
32,20,"mcp",-2.92516120735088,7.42008883609424
32,50,"mcp",-0.000332594648810636,4.84222014786231
32,100,"mcp",0.0498023738875268,4.85186325247335
32,250,"mcp",-0.00983875116129962,4.66099260521986
32,500,"mcp",0.180311030606342,4.05050507021361
32,1000,"mcp",0.379879551203339,3.33198593012149
33,10,"mcp",-1.18738368995415,2.06664253869945
33,20,"mcp",-1.88223018417295,3.71592086927332
33,50,"mcp",-0.235538008116016,3.74498821708744
33,100,"mcp",-0.342445161477947,4.40573007756477
33,250,"mcp",0.13214293261346,4.23413794216265
33,500,"mcp",0.306851392600609,3.46684207285515
33,1000,"mcp",0.339678445106296,3.50775994195482
34,10,"mcp",-41.5159799602082,1.1754649062582
34,20,"mcp",-0.783525893164311,4.04726770028506
34,50,"mcp",-0.130772784468109,4.9157572489149
34,100,"mcp",-0.07296725310811,4.42563244096813
34,250,"mcp",0.0541354886922901,4.57596932538852
34,500,"mcp",0.181269626225892,3.57775748397437
34,1000,"mcp",0.331446044848373,3.21295497011066
35,10,"mcp",-35130.7631963894,6.0963520897318
35,20,"mcp",-1.04509872269555,3.2379105582757
35,50,"mcp",-0.216602867770532,2.7948930027137
35,100,"mcp",-0.0209911470443407,4.9391987455635
35,250,"mcp",0.201013773314253,3.47797463692975
35,500,"mcp",0.205120130795121,3.88620736992307
35,1000,"mcp",0.384252830431092,3.71180008272764
36,10,"mcp",-0.761945669367487,2.29576435452758
36,20,"mcp",0.314272342564204,1.49474304541961
36,50,"mcp",-0.0584933648470183,2.35978398325628
36,100,"mcp",-0.0714729879007492,3.87849680628816
36,250,"mcp",0.191959482180304,4.12737247069724
36,500,"mcp",0.144930610971903,3.91696828620568
36,1000,"mcp",0.442023925251386,3.35547181836414
37,10,"mcp",-157742.400770463,9.37177844013584
37,20,"mcp",-0.0150838297101792,4.81138164088436
37,50,"mcp",-0.0201352431227386,5.27956227089058
37,100,"mcp",-0.208765092794068,4.86066013167476
37,250,"mcp",0.0227623754683854,4.08890848513994
37,500,"mcp",0.234807616042633,3.80964168478745
37,1000,"mcp",0.326360008479051,3.54188199549811
38,10,"mcp",-9.4001124315614,1.6257321955609
38,20,"mcp",-0.000681007746948348,3.57240269034482
38,50,"mcp",-9.99940055002035e-06,5.76283084824796
38,100,"mcp",-0.205032895382721,4.28139883237712
38,250,"mcp",0.0158635098789844,4.25517281782079
38,500,"mcp",0.233802224829486,3.81057048215603
38,1000,"mcp",0.323200627057642,3.58266572340677
39,10,"mcp",-35.0135416175723,7.94277631254364
39,20,"mcp",-2.85091614643369,4.35384768125219
39,50,"mcp",-0.206000853544375,4.61884448358434
39,100,"mcp",-0.0222803556680544,4.23290770581232
39,250,"mcp",0.0817921384048965,4.13998919267819
39,500,"mcp",0.233809274260331,4.21894248182488
39,1000,"mcp",0.402385376187395,3.63623484251216
40,10,"mcp",-0.239169294307589,3.89708030077122
40,20,"mcp",-0.571054715699497,4.86089119924433
40,50,"mcp",-0.0141683597499291,6.93279028818382
40,100,"mcp",0.0164187014551673,5.43656427824081
40,250,"mcp",0.136712684835837,4.73788067355497
40,500,"mcp",0.207000679571373,4.05887511504638
40,1000,"mcp",0.448072613024532,3.44661502231008
41,10,"mcp",-1013.71889995142,4.7331939158995
41,20,"mcp",-10.0398666753541,3.57892710537511
41,50,"mcp",-5.17045479497824e-06,3.25607821420694
41,100,"mcp",-0.509356078251047,4.97804336663551
41,250,"mcp",-0.0185272368585241,5.08078871123604
41,500,"mcp",0.116124429825037,3.99545937495298
41,1000,"mcp",0.438103437508039,3.13416523715926
42,10,"mcp",-98.887679003679,2.63897955286136
42,20,"mcp",-0.0937553763473409,4.57143834626153
42,50,"mcp",-0.500104805339347,4.58020853697533
42,100,"mcp",-0.0442202370883473,4.79004208549275
42,250,"mcp",-0.146193472531493,4.37058021375776
42,500,"mcp",0.226393893793965,3.94291730307831
42,1000,"mcp",0.386440125821999,3.47691755863803
43,10,"mcp",0.693857069460189,1.37536552606371
43,20,"mcp",-2.14249928895779,5.66469574686174
43,50,"mcp",-0.214541506603651,3.62285961874928
43,100,"mcp",-0.0314409921268575,3.77308341105634
43,250,"mcp",0.0982192149982736,3.65251601805997
43,500,"mcp",0.205254073769418,3.64368510584037
43,1000,"mcp",0.259422264556241,3.29608852829063
44,10,"mcp",-18.0806778999661,9.65436504454027
44,20,"mcp",-0.12104267511328,4.64898640990489
44,50,"mcp",-0.130570723964196,4.71020018942222
44,100,"mcp",-0.0426782435609485,4.2116304871715
44,250,"mcp",-0.0599112996450524,4.25680726410363
44,500,"mcp",0.244457769658568,3.78512815794531
44,1000,"mcp",0.522522354808839,3.20129082777076
45,10,"mcp",-12.7718559396888,8.73100003133986
45,20,"mcp",-2.07155917814417,6.09947965389961
45,50,"mcp",-0.12036427754202,4.27101514184715
45,100,"mcp",0.0461578447078996,3.52715286537325
45,250,"mcp",0.07754848170003,3.38281179711866
45,500,"mcp",0.0337669305155887,4.21885873443071
45,1000,"mcp",0.369623114543575,3.28812151101075
46,10,"mcp",-6.73162374990204,3.47041207994153
46,20,"mcp",-1.44258221956894,4.77920868640325
46,50,"mcp",-0.0653573266927145,4.30240938401125
46,100,"mcp",-0.324474458124574,4.30451007484332
46,250,"mcp",0.113193246485594,3.79097459619918
46,500,"mcp",0.0849420501450433,3.53764455020124
46,1000,"mcp",0.367690421127143,3.4899148305315
47,10,"mcp",-3.97844921925128,6.28321802528702
47,20,"mcp",-0.0863417767711441,1.2072811707988
47,50,"mcp",-0.197444079980513,4.57925944053833
47,100,"mcp",-0.0291344156307727,3.19418655274007
47,250,"mcp",0.0310720007709397,4.8652303294034
47,500,"mcp",0.122974878811275,4.20140622068815
47,1000,"mcp",0.411752043180579,3.3807445927965
48,10,"mcp",-2.34995882775042,3.92468743994345
48,20,"mcp",-2.68552648753209,5.71162837098643
48,50,"mcp",-0.432416006647964,5.41972191937905
48,100,"mcp",-0.231505549147034,4.27778991948209
48,250,"mcp",0.144627409020038,4.08115869857579
48,500,"mcp",0.251545818528885,3.3610070057286
48,1000,"mcp",0.324888580666703,3.42020735814375
49,10,"mcp",-0.271962216223748,3.34950283914067
49,20,"mcp",-0.115852343546585,6.47643299939964
49,50,"mcp",-0.109954773654142,3.0241548256283
49,100,"mcp",-0.0147910028347971,3.17564673843749
49,250,"mcp",0.0380789991564239,4.23838297737059
49,500,"mcp",0.305210190493887,3.92556030520344
49,1000,"mcp",0.338733574411449,3.25785680951658
50,10,"mcp",-7.88381599611628,9.62816295180046
50,20,"mcp",-0.0557630574070742,5.91916214310504
50,50,"mcp",-2.37098418459725,4.78338596793775
50,100,"mcp",-0.126722833955875,6.10610686579696
50,250,"mcp",0.18764356424595,4.09135156743154
50,500,"mcp",0.292430764829031,3.59203973523255
50,1000,"mcp",0.262051940957854,3.59319551970542
51,10,"mcp",-1.47574526551218,3.34365337295162
51,20,"mcp",-0.0769698138296171,3.69324252203668
51,50,"mcp",-0.063922808383843,4.12314111088549
51,100,"mcp",-0.0494850053690861,4.45697487236417
51,250,"mcp",-0.0138485832482642,4.32989335714313
51,500,"mcp",0.147592698163633,4.17587012832804
51,1000,"mcp",0.417793673379229,3.30915238439345
52,10,"mcp",-2.15964830738479,8.74531373718127
52,20,"mcp",-3.15528396881529,4.55751103309397
52,50,"mcp",-8.80573479766777e-05,5.31885424852838
52,100,"mcp",-0.0447213885516538,4.4863689831373
52,250,"mcp",0.034579553248521,5.19461606694255
52,500,"mcp",0.119227284174625,4.42434041592252
52,1000,"mcp",0.303840100122536,3.554745804748
53,10,"mcp",-3.58853869539233,3.31131129917217
53,20,"mcp",-0.10606716970457,3.0311731966755
53,50,"mcp",-0.00965507169537205,7.2662958796947
53,100,"mcp",-0.068549500441623,4.69916462317909
53,250,"mcp",-0.00104918605372717,4.93398694484913
53,500,"mcp",-0.183577587965267,4.59595440601047
53,1000,"mcp",0.374416145685234,3.48398783436899
54,10,"mcp",-9.55428660069869,6.76794398979669
54,20,"mcp",-0.432281458190255,3.91330630671162
54,50,"mcp",-0.221929766406352,5.69989728575734
54,100,"mcp",-0.00465118683678356,5.00465331337352
54,250,"mcp",-0.0403253350249786,4.47898064740167
54,500,"mcp",0.175218397775593,3.51149624498161
54,1000,"mcp",0.333328496010707,3.57203716771787
55,10,"mcp",-0.127538940560391,5.90981896652048
55,20,"mcp",-0.241550077918063,5.70197400163504
55,50,"mcp",-0.329478484676282,5.03083172366423
55,100,"mcp",-0.0340680930826955,4.03428118965013
55,250,"mcp",-0.125184375140698,4.47596210923299
55,500,"mcp",0.0977664899296888,4.46847855796669
55,1000,"mcp",0.313746949904363,3.67454797376628
56,10,"mcp",-3.08166310682598,2.09812469432967
56,20,"mcp",-0.125661083294551,4.09322408601052
56,50,"mcp",-0.105318015461728,2.93383918725028
56,100,"mcp",-0.0001200848394729,5.28207582488836
56,250,"mcp",-0.0737410955302469,4.04774153609512
56,500,"mcp",0.112848283335944,4.11233667307224
56,1000,"mcp",0.472591142842243,3.17709744511086
57,10,"mcp",-0.74170071756812,3.55191274176382
57,20,"mcp",-0.0061221085103691,4.89474337344215
57,50,"mcp",-0.100341880907524,4.65383995600522
57,100,"mcp",-0.0593427096250616,4.27795232531079
57,250,"mcp",0.11716005374212,3.8199601835631
57,500,"mcp",0.0669413302072528,4.0564197902713
57,1000,"mcp",0.258602971768939,3.47665120464743
58,10,"mcp",-0.176448746903688,5.56045181445204
58,20,"mcp",-0.0500949578038152,5.42860530326901
58,50,"mcp",-0.167123824549119,2.09063571201851
58,100,"mcp",-0.0522714155096238,4.63657754498822
58,250,"mcp",-0.033801866197853,3.82463089768564
58,500,"mcp",0.128828616086312,4.24019664386168
58,1000,"mcp",0.520570768592095,3.26491601692346
59,10,"mcp",-0.0131663243603608,8.02116249866102
59,20,"mcp",-0.479250449289149,5.12921611736794
59,50,"mcp",-0.143758167238839,4.67926678198755
59,100,"mcp",0.0542524766020909,4.51346983860903
59,250,"mcp",0.147869436490886,4.06178011662065
59,500,"mcp",0.349922610540682,3.57849938197774
59,1000,"mcp",0.449600087395091,3.10972812102872
60,10,"mcp",-7.19542259626878,4.409199912439
60,20,"mcp",-0.443559826724467,4.20810257410742
60,50,"mcp",-0.109600740557316,5.75720845928506
60,100,"mcp",-0.0323017508223815,3.97211496804027
60,250,"mcp",0.0951481609418254,4.8410843827884
60,500,"mcp",0.145035366753684,3.78360205604735
60,1000,"mcp",0.454970971315545,3.3487344172211
61,10,"mcp",-2.23265516255018,1.81826698612055
61,20,"mcp",-2.29543911651931,2.5735647448075
61,50,"mcp",-0.00645725529130226,5.2057636945371
61,100,"mcp",-0.00659203904532046,5.04542995229057
61,250,"mcp",0.0914901349654749,4.49265621176317
61,500,"mcp",0.290922566720516,3.71288834638195
61,1000,"mcp",0.36040108976428,3.78111326927955
62,10,"mcp",-0.802642253857777,4.73042518930793
62,20,"mcp",-2.16504916872239,5.81414836649663
62,50,"mcp",-0.0747940970609038,3.86367206129362
62,100,"mcp",-0.117338221692621,4.75535847868062
62,250,"mcp",0.052753412757105,3.49356982662229
62,500,"mcp",0.0894740708085385,3.92734296353443
62,1000,"mcp",0.245326830530072,3.88488429139562
63,10,"mcp",-0.974400346854538,1.84757837096745
63,20,"mcp",-0.473216205268519,3.7660124858669
63,50,"mcp",-0.174002784017289,3.89323196042501
63,100,"mcp",-0.000359867705337136,3.20025807655654
63,250,"mcp",0.0495958692859572,4.46210142099818
63,500,"mcp",0.0886008467213013,4.10462990526476
63,1000,"mcp",0.335586636298615,3.39877057853636
64,10,"mcp",-9.17679561840707,5.74103551511506
64,20,"mcp",-0.168595297587792,4.96483272277607
64,50,"mcp",-1.08732213474031,6.327299499809
64,100,"mcp",-0.0828772959027189,4.82837767828319
64,250,"mcp",0.165380193194504,4.07248813590177
64,500,"mcp",0.0918114300450509,4.76853140149042
64,1000,"mcp",0.395017647845745,3.36139423349767
65,10,"mcp",-1.11883418587935,3.13968593519304
65,20,"mcp",-8.61712125467167,5.54493810343375
65,50,"mcp",-0.0267764809576392,4.02810942218137
65,100,"mcp",0.00484424473371869,4.4094907012792
65,250,"mcp",0.0426121991574507,3.6188118826559
65,500,"mcp",0.0898636805813788,4.26997486922227
65,1000,"mcp",0.31413528705966,3.53855561032638
66,10,"mcp",-0.845672177712175,4.42552737875555
66,20,"mcp",0.289150549596778,2.41429207257601
66,50,"mcp",-0.11632398029513,5.71120116950174
66,100,"mcp",-0.0121887640294644,4.02368076174049
66,250,"mcp",-2.47612503117001e-05,4.92404875772102
66,500,"mcp",0.19407939542598,4.25540920658368
66,1000,"mcp",0.351255006397718,3.53973703342362
67,10,"mcp",-2.62286486573852,2.49395151988973
67,20,"mcp",-0.000850297949118062,4.41559888474333
67,50,"mcp",-0.00648846896047339,4.68561231786781
67,100,"mcp",-0.100603759506683,4.48215390277007
67,250,"mcp",0.130877770716064,3.83036162062035
67,500,"mcp",0.0137762086767902,4.00881652626459
67,1000,"mcp",0.287534070138284,3.54776857560113
68,10,"mcp",-30.9822040837689,5.04509061984205
68,20,"mcp",-0.430871359460812,4.60387065466212
68,50,"mcp",-0.209853154190865,3.95007271232917
68,100,"mcp",-0.121798221340941,4.10328731074677
68,250,"mcp",0.0543153629583341,4.50067219249154
68,500,"mcp",0.170176182158409,3.96310855969857
68,1000,"mcp",0.272723901974393,3.62970883794432
69,10,"mcp",-4.00747742620534,7.09778916337871
69,20,"mcp",-1.04084711288674,4.53297944800132
69,50,"mcp",-0.00870317698258383,2.78967533008257
69,100,"mcp",-2.99643710577335e-06,4.61477578469693
69,250,"mcp",0.0817500814387333,4.13077625457111
69,500,"mcp",0.181312092380801,3.6411833462233
69,1000,"mcp",0.303052698749042,3.70355409083498
70,10,"mcp",-276.252632372406,4.22133362124404
70,20,"mcp",-0.178075264912168,2.13117278694924
70,50,"mcp",-0.0289676475615923,5.59037051675983
70,100,"mcp",-0.00231351977185534,5.00059999636783
70,250,"mcp",0.102975214883551,4.02111708504976
70,500,"mcp",0.139320394087583,3.83443940009238
70,1000,"mcp",0.202891670685729,3.8342775650019
71,10,"mcp",-6.50512375437524,3.80118420982809
71,20,"mcp",-0.642412564585344,3.31867448314831
71,50,"mcp",-0.0683036457549413,5.50865541959287
71,100,"mcp",-0.131074964143226,4.51206691737471
71,250,"mcp",0.140195519169897,4.27226719813534
71,500,"mcp",0.233084078241749,3.88631102414872
71,1000,"mcp",0.356172409058481,3.69332807286243
72,10,"mcp",-0.017987510361634,1.77066986998637
72,20,"mcp",-0.212076684774353,3.37367857285391
72,50,"mcp",-0.0340207360344242,3.83896166194137
72,100,"mcp",-0.30667175407348,4.70502594656219
72,250,"mcp",-0.00548717431698553,4.67063837991325
72,500,"mcp",0.148258037426173,4.34166718595222
72,1000,"mcp",0.309420990877789,3.75748547607575
73,10,"mcp",-0.330892062277968,5.16744593847701
73,20,"mcp",-0.934489711997163,4.38375804523851
73,50,"mcp",-0.109957554325993,4.66376130352317
73,100,"mcp",0.00805169712259068,3.81258844951319
73,250,"mcp",0.186479162968149,4.09405542967292
73,500,"mcp",0.249590472962118,3.80372468493071
73,1000,"mcp",0.371068762417316,3.45714511195871
74,10,"mcp",0.843872239066053,0.632762220011032
74,20,"mcp",-0.0193704731791189,2.14357194084968
74,50,"mcp",-0.134735939169182,2.54734072017705
74,100,"mcp",-0.451791280342195,4.60120156306792
74,250,"mcp",0.221898935552952,4.09619541239847
74,500,"mcp",0.309290896280836,3.73497153290395
74,1000,"mcp",0.517200003663064,3.22594456604394
75,10,"mcp",-0.702260829044373,6.48850214715653
75,20,"mcp",-0.0663861862001704,1.88136922418783
75,50,"mcp",-0.0396840120063162,5.6561535133957
75,100,"mcp",-0.467587144784501,4.29065796719659
75,250,"mcp",0.129678124708931,5.04688113564198
75,500,"mcp",0.127350010024126,4.49602763923207
75,1000,"mcp",0.487412869060299,3.40113420665117
76,10,"mcp",-7.69265913720399,1.93329225671208
76,20,"mcp",-0.108812420236462,4.25049985396127
76,50,"mcp",-0.182990481071662,7.47532541256949
76,100,"mcp",-0.00284413436556807,4.5313604310039
76,250,"mcp",0.263111995328739,4.53849672830574
76,500,"mcp",0.168379992719811,3.99110179470316
76,1000,"mcp",0.328310088408249,3.48343716990641
77,10,"mcp",-61.8950853578038,7.60849627171514
77,20,"mcp",-5.85997956762755,3.38051810496929
77,50,"mcp",0.0102560933814202,5.77028144364746
77,100,"mcp",-0.240111152051577,4.40853039362198
77,250,"mcp",0.0119624560815957,5.17119978975341
77,500,"mcp",0.12485629013426,4.41455917771733
77,1000,"mcp",0.350145519140704,3.43968078835922
78,10,"mcp",-0.596524096670496,2.10180386340395
78,20,"mcp",-5.21573973638187,4.32218996573158
78,50,"mcp",-0.290501484296411,3.91902179761104
78,100,"mcp",-0.0431571643774042,3.50723446689461
78,250,"mcp",-0.0148411576028833,4.28463750850363
78,500,"mcp",0.061863641598163,4.01659912323109
78,1000,"mcp",0.42859011895079,3.1071786582948
79,10,"mcp",-123.757449744317,3.50838156022551
79,20,"mcp",-3.15768529571328,3.29521936437613
79,50,"mcp",0.0529484730187617,4.14046481837256
79,100,"mcp",-0.00674565700693197,4.57170866180872
79,250,"mcp",0.042602236751706,3.94677169333657
79,500,"mcp",0.143798816468941,4.37023596028439
79,1000,"mcp",0.351434780714888,3.39944111434297
80,10,"mcp",-0.167404870861417,4.73269281058116
80,20,"mcp",-3.85322018852009,6.1909184283684
80,50,"mcp",-0.280216340704448,3.86101433607703
80,100,"mcp",-0.00917556285170917,4.16247024557054
80,250,"mcp",0.10864136997445,4.06514356924534
80,500,"mcp",0.241070693091296,3.37323498220719
80,1000,"mcp",0.250543285989878,3.4713380034739
81,10,"mcp",-0.191832653022569,3.15419945243954
81,20,"mcp",-0.00447333070117906,3.92177176789309
81,50,"mcp",-0.24613577580724,5.29271500552671
81,100,"mcp",-0.0822319718489202,4.30026468299457
81,250,"mcp",-0.0350626062922961,4.30448765228374
81,500,"mcp",0.156928218805363,3.99864497960815
81,1000,"mcp",0.328273376497664,3.63205979027355
82,10,"mcp",-1.19661169202237,5.38301419944032
82,20,"mcp",-0.0573963183010582,3.5035571749827
82,50,"mcp",-0.295357812849797,2.49005891434908
82,100,"mcp",-0.106509123862726,4.95466473846176
82,250,"mcp",-0.215334808355799,3.6878714022036
82,500,"mcp",0.172299717195169,3.37758863689194
82,1000,"mcp",0.240666119917398,3.46885237375596
83,10,"mcp",-1906.88302431111,2.24928441686317
83,20,"mcp",-0.521818738487276,3.56159786434935
83,50,"mcp",-0.0645952474428959,4.03331067200162
83,100,"mcp",-0.113283709851614,3.72664196931429
83,250,"mcp",-0.0588447128276002,4.563616414902
83,500,"mcp",0.29427819844136,3.58328462597333
83,1000,"mcp",0.368385870252127,3.70656693238494
84,10,"mcp",-0.390781543106659,2.01032437473192
84,20,"mcp",-1.97816295865797,8.89717700589951
84,50,"mcp",-0.014449235102771,4.76358572896106
84,100,"mcp",-0.183381140136347,4.12416251811241
84,250,"mcp",0.00182715763779018,4.29721859445672
84,500,"mcp",0.195429586113481,3.79596138327412
84,1000,"mcp",0.339974725150928,3.60213520791453
85,10,"mcp",-168.331684031867,3.29532221575015
85,20,"mcp",-0.142718709604006,3.3039057184709
85,50,"mcp",-0.00143975985883649,2.6255274733755
85,100,"mcp",-0.0293789887327556,3.80750757906395
85,250,"mcp",0.00700443472627488,3.1516179694995
85,500,"mcp",0.14165556565574,3.83181995032959
85,1000,"mcp",0.343621224992037,3.49185249750545
86,10,"mcp",-3.45542728475723,6.24487962774593
86,20,"mcp",-0.000443043447529545,5.90279843587528
86,50,"mcp",-0.2826939321886,4.9351663609155
86,100,"mcp",0.186012847362805,4.63353473195305
86,250,"mcp",0.0469459264593369,4.97272339615085
86,500,"mcp",0.227273157226819,3.81534068987833
86,1000,"mcp",0.369750067945196,3.37513963028974
87,10,"mcp",-0.0613617478378552,5.74302264359614
87,20,"mcp",-0.00309172979280614,6.56931813271969
87,50,"mcp",0.0223596654519544,3.61993796743589
87,100,"mcp",0.0189670017004556,4.6984244710183
87,250,"mcp",-0.0653929908618027,4.48210583155977
87,500,"mcp",0.130609186068458,4.75951436990281
87,1000,"mcp",0.424315898339725,3.3705822508167
88,10,"mcp",-3.97901239702123,1.17715112517064
88,20,"mcp",-1.33725141875678,6.66248145073153
88,50,"mcp",-1.0418844636448,3.88016314494458
88,100,"mcp",-0.174412926751909,4.34289788836048
88,250,"mcp",-0.0398425017871897,4.7357010460576
88,500,"mcp",0.264953077652755,3.45292327663508
88,1000,"mcp",0.439709056546733,3.52531521773661
89,10,"mcp",-0.00145181107747772,0.997444431764771
89,20,"mcp",-0.175571452202432,5.25330596646435
89,50,"mcp",-0.110141033215416,5.80710703705231
89,100,"mcp",-0.0265399039800467,3.90829532462749
89,250,"mcp",0.0741919220095675,4.49664500268677
89,500,"mcp",0.0627599636210101,3.9843592825709
89,1000,"mcp",0.33737231889958,3.60760880383109
90,10,"mcp",-0.27409066908621,8.16561032798698
90,20,"mcp",0.238800770825637,4.52260608869646
90,50,"mcp",0.226260226936287,2.53420561928645
90,100,"mcp",-0.117322420486703,4.75528497923649
90,250,"mcp",0.00729286899060266,4.64958868405541
90,500,"mcp",0.130885649167944,4.21231195410006
90,1000,"mcp",0.287013749430076,3.70033480853256
91,10,"mcp",-66.4160930201984,6.013647788092
91,20,"mcp",-0.987187492579234,3.58653433597432
91,50,"mcp",-0.0389477378923531,5.26461604207887
91,100,"mcp",-0.0405076786516789,4.13971449473475
91,250,"mcp",-0.150630016927419,3.72227664406333
91,500,"mcp",0.0590531532980794,4.15039351249471
91,1000,"mcp",0.365816795030701,3.59056297308328
92,10,"mcp",0.0722944994706215,1.83057890154014
92,20,"mcp",-6.52401306914323,4.57245921663367
92,50,"mcp",-0.464254845939071,4.6047963689332
92,100,"mcp",-0.0933469564611145,3.52575021474998
92,250,"mcp",0.0546153487851668,4.76597749589645
92,500,"mcp",0.121186545775674,4.02851651732804
92,1000,"mcp",0.119125808509924,3.63646853726196
93,10,"mcp",-4.36992937221021,3.67929208469823
93,20,"mcp",-0.166842445524824,2.94030547979092
93,50,"mcp",-0.0305599899832318,4.03489920537972
93,100,"mcp",-0.262051170772481,4.95830012631465
93,250,"mcp",0.125838235083856,4.3924529206834
93,500,"mcp",0.275349954299721,4.18180218527161
93,1000,"mcp",0.45469009558372,3.31679878616328
94,10,"mcp",-53.5146277101937,8.15316011920313
94,20,"mcp",-0.0230319675027233,3.7380164279513
94,50,"mcp",-0.225113478228029,5.53479996578363
94,100,"mcp",-0.00116775522106205,5.14113139906732
94,250,"mcp",0.048936974736004,3.71255168669054
94,500,"mcp",0.0943563674080687,3.38750764480311
94,1000,"mcp",0.245205199171368,3.4919226831739
95,10,"mcp",-3.68337928262916,2.19771540570993
95,20,"mcp",-0.138592720085256,1.28611411685446
95,50,"mcp",-0.295230759842344,4.81112590081073
95,100,"mcp",-0.588499095450841,4.70215637367964
95,250,"mcp",-0.0527217095996146,3.90924799110698
95,500,"mcp",0.274390691328872,3.78312813735808
95,1000,"mcp",0.378854613361363,3.71795190371681
96,10,"mcp",-0.128203061356227,2.91893058716316
96,20,"mcp",-0.178108426492811,3.61310543839857
96,50,"mcp",-0.228919202377362,4.13843708448901
96,100,"mcp",-0.245074500215334,4.96143815743418
96,250,"mcp",0.113162278834453,4.15863632174877
96,500,"mcp",0.289016538937814,4.20199688533859
96,1000,"mcp",0.184519751776011,3.56011982570196
97,10,"mcp",-49.0737093777705,3.00899194464567
97,20,"mcp",-0.898538960517486,4.19221490129128
97,50,"mcp",-0.175686843307856,3.17940100586959
97,100,"mcp",-3.33899578175423e-05,4.96678290541273
97,250,"mcp",0.0644147317450239,4.13734242038839
97,500,"mcp",0.26077553622296,3.55859132991201
97,1000,"mcp",0.396297137233624,3.34709465912953
98,10,"mcp",-1.35742789568239,4.78879058882036
98,20,"mcp",-1.15529188086164,4.56258577727409
98,50,"mcp",-0.0363252351774273,3.96611908380453
98,100,"mcp",-0.242039538203463,5.73331806030405
98,250,"mcp",0.0080568348210005,4.41376122317073
98,500,"mcp",0.120617481347636,3.54525738032844
98,1000,"mcp",0.31095644787745,3.57295051346188
99,10,"mcp",-1.6294045059817,5.61144157766345
99,20,"mcp",-0.0239298621598327,3.3102283967875
99,50,"mcp",0.0579309897508543,6.02993938461151
99,100,"mcp",-0.044188637373284,4.29153163738703
99,250,"mcp",0.0403031091752033,4.38524804160426
99,500,"mcp",0.132294770862069,4.10253401785607
99,1000,"mcp",0.488887215610424,3.06341668473741
100,10,"mcp",-2.11754025770219,5.23639820771145
100,20,"mcp",-0.00385137232619392,2.83734073111005
100,50,"mcp",-0.179030268692458,4.95085880400073
100,100,"mcp",-0.00680167693777944,3.71532110377934
100,250,"mcp",0.0680114929404246,4.19675459452108
100,500,"mcp",0.104692417092948,3.46197541519473
100,1000,"mcp",0.355382670599698,3.31967819975261
